id_municipio,id_municipio_nome,domicilios,taxa_alfabetizacao,indice_envelhecimento,idade_mediana,razao_sexo
1400704,Uiramutã,2339,0.87529,5.4,15.0,105.76
1200435,Santa Rosa do Purus,1344,0.77397,7.68,17.0,103.73
1400407,Normandia,2719,0.91823,8.23,17.0,106.53
1200328,Jordão,2003,0.81876,6.55,18.0,107.1
1303908,São Paulo de Olivença,6010,0.85195,11.12,19.0,105.88
1302306,Jutaí,4845,0.84097,9.52,19.0,106.14
1504505,Melgaço,5715,0.80117,9.25,19.0,109.43
1501105,Bagre,5748,0.82553,8.67,19.0,103.93
1400027,Amajari,2996,0.68174,11.29,19.0,110.0
1200393,Porto Walter,2611,0.81098,9.98,20.0,110.37
1200351,Marechal Thaumaturgo,4321,0.77175,10.13,20.0,110.25
1300201,Atalaia do Norte,3390,0.77182,10.91,20.0,106.25
1304237,Tonantins,3380,0.86882,11.21,20.0,107.16
1302801,Maraã,3021,0.84341,9.3,20.0,109.71
1302108,Japurá,1735,0.87628,8.93,20.0,112.37
1303700,Santo Antônio do Içá,5253,0.85631,11.35,20.0,104.07
1301951,Itamarati,2333,0.73564,10.81,20.0,107.06
1503754,Jacareacanga,5086,0.88787,9.47,20.0,109.39
1400050,Alto Alegre,5060,0.63186,13.09,20.0,108.46
1300631,Beruri,4556,0.82987,13.3,21.0,108.77
1304260,Uarini,3057,0.88073,11.94,21.0,112.6
1301803,Ipixuna,4806,0.75843,9.79,21.0,104.16
1300607,Benjamin Constant,7742,0.87298,13.98,21.0,102.71
1300029,Alvarães,3398,0.87633,13.09,21.0,107.94
1300060,Amaturá,2156,0.85128,13.02,21.0,105.41
1303601,Santa Isabel do Rio Negro,2740,0.84104,13.91,21.0,105.99
1500701,Anajás,6369,0.77419,11.77,21.0,107.44
1400456,Pacaraima,3958,0.9423,9.52,21.0,104.68
1400159,Bonfim,3498,0.91309,15.04,21.0,108.18
1200609,Tarauacá,11273,0.78507,14.67,22.0,110.33
1303502,Pauini,3960,0.75884,13.28,22.0,113.29
1302900,Maués,13271,0.93837,17.25,22.0,109.88
1300508,Barreirinha,6895,0.93965,16.84,22.0,109.22
1301605,Fonte Boa,5345,0.86069,14.88,22.0,106.67
1303809,São Gabriel da Cachoeira,10603,0.90595,16.1,22.0,104.23
1300409,Barcelos,4253,0.78713,15.3,22.0,109.59
1302207,Juruá,2529,0.7936,13.81,22.0,107.74
1301407,Eirunepé,8130,0.74719,16.01,22.0,102.89
1304062,Tabatinga,13839,0.90447,13.11,22.0,99.69
1600154,Pedra Branca do Amapari,3290,0.91297,10.68,22.0,108.42
1600550,Pracuúba,913,0.89874,14.92,22.0,110.11
2101731,Belágua,2070,0.76352,15.13,22.0,112.67
2105476,Jenipapo dos Vieiras,4678,0.72093,16.89,22.0,105.76
5102603,Campinápolis,3756,0.83815,16.85,22.0,105.17
1505809,Portel,13286,0.79452,13.3,22.0,109.21
1501808,Breves,24356,0.811,15.86,22.0,106.94
1502806,Curralinho,8164,0.83142,14.77,22.0,111.37
1200427,Rodrigues Alves,4197,0.79956,16.83,23.0,108.89
1200344,Manoel Urbano,3242,0.77833,15.17,23.0,111.35
1200302,Feijó,9366,0.77351,15.95,23.0,105.76
1303106,Nova Olinda do Norte,6480,0.91023,17.52,23.0,107.82
1301506,Envira,4185,0.73692,13.48,23.0,104.72
1304203,Tefé,17460,0.90163,15.46,23.0,104.88
1301654,Guajará,3611,0.7764,15.99,23.0,106.04
1300805,Borba,7986,0.88882,19.01,23.0,110.53
1301001,Carauari,7241,0.81991,16.33,23.0,105.31
1300086,Anamã,2316,0.87756,14.62,23.0,109.73
1600212,Cutias,1156,0.89411,16.75,23.0,105.58
1600402,Mazagão,5321,0.87556,16.05,23.0,108.34
1600709,Tartarugalzinho,3321,0.88788,15.65,23.0,110.28
1600253,Itaubal,1361,0.89113,14.72,23.0,107.29
2104081,Fernando Falcão,2668,0.73776,17.7,23.0,108.49
2103158,Centro do Guilherme,3283,0.79865,18.45,23.0,105.19
5006358,Paranhos,3632,0.86013,19.76,23.0,102.3
1503101,Gurupá,7375,0.82027,16.13,23.0,110.8
1505205,Oeiras do Pará,8093,0.85649,16.53,23.0,108.9
1505908,Porto de Moz,9065,0.86456,12.68,23.0,108.41
1500305,Afuá,9038,0.77974,15.56,23.0,109.14
1502509,Chaves,4748,0.80865,15.76,23.0,115.34
1721109,Tocantínia,2000,0.89947,19.42,23.0,104.36
1302405,Lábrea,11269,0.804,16.86,24.0,109.01
1303957,São Sebastião do Uatumã,2665,0.94063,17.82,24.0,112.53
1301209,Coari,17564,0.86342,17.33,24.0,103.31
1304005,Silves,2825,0.94491,19.02,24.0,110.01
1300300,Autazes,11007,0.89873,18.64,24.0,110.81
1303304,Novo Aripuanã,4785,0.87966,20.13,24.0,108.33
1300102,Anori,4147,0.86822,16.28,24.0,109.53
1304104,Tapauá,4792,0.79191,16.01,24.0,109.7
1300680,Boa Vista do Ramos,4594,0.95631,22.27,24.0,110.79
1301308,Codajás,5571,0.86176,17.77,24.0,107.85
1300839,Caapiranga,2967,0.91717,17.22,24.0,108.4
1302702,Manicoré,12170,0.89558,19.04,24.0,104.81
1600238,Ferreira Gomes,1796,0.90711,17.08,24.0,101.51
1600808,Vitória do Jari,3006,0.87396,16.92,24.0,106.04
1600501,Oiapoque,7041,0.93628,10.97,24.0,105.4
2100600,Amarante do Maranhão,10849,0.80396,23.37,24.0,106.11
2106375,Maranhãozinho,3326,0.77523,21.04,24.0,102.22
2112605,Urbano Santos,8599,0.78529,21.97,24.0,103.21
2103174,Centro Novo do Maranhão,4508,0.79729,19.44,24.0,109.03
5004809,Japorã,2492,0.84972,21.59,24.0,102.43
5106174,Nova Nazaré,1141,0.82435,19.44,24.0,103.29
1503903,Juruti,12346,0.93764,17.84,24.0,105.77
1200336,Mâncio Lima,5678,0.84267,19.54,25.0,104.82
1200054,Assis Brasil,2426,0.85299,17.65,25.0,104.34
1303205,Novo Airão,4165,0.8957,19.93,25.0,104.34
1303403,Parintins,23900,0.95931,23.91,25.0,102.22
1302504,Manacapuru,26883,0.8897,21.1,25.0,104.15
1600535,Porto Grande,5012,0.90151,18.06,25.0,105.65
1600105,Amapá,2055,0.89526,20.41,25.0,108.26
1600204,Calçoene,2778,0.899,16.71,25.0,110.64
2106359,Marajá do Sena,1918,0.7127,17.71,25.0,122.3
2110278,Santo Amaro do Maranhão,3550,0.82316,24.83,25.0,104.56
2109205,Presidente Juscelino,3161,0.79305,23.99,25.0,106.25
2105005,Humberto de Campos,6984,0.81568,26.89,25.0,107.88
2110401,São Benedito do Rio Preto,5019,0.79038,27.53,25.0,103.25
2101970,Boa Vista do Gurupi,2146,0.80899,22.71,25.0,103.06
2100105,Afonso Cunha,1699,0.7678,24.06,25.0,103.92
2102036,Bom Jesus das Selvas,8264,0.77669,22.63,25.0,106.4
2102374,Cachoeira Grande,2681,0.77803,24.94,25.0,108.44
2106326,Maracaçumé,6000,0.81787,22.68,25.0,96.19
2111029,São João do Carú,3316,0.71787,23.94,25.0,103.81
2112456,Turilândia,7213,0.82449,19.97,25.0,96.91
2109403,Primeira Cruz,3604,0.79691,27.09,25.0,111.73
2100550,Amapá do Maranhão,2025,0.79238,23.5,25.0,103.98
2100956,Arame,7154,0.7501,23.97,25.0,106.35
2102200,Buriti,8083,0.76364,28.03,25.0,104.32
2105351,Itaipava do Grajaú,3811,0.74548,23.68,25.0,106.26
3162450,São João das Missões,3600,0.79976,23.87,25.0,103.15
5003157,Coronel Sapucaia,4478,0.84956,23.53,25.0,96.98
1500404,Alenquer,17906,0.89182,21.23,25.0,105.94
1507953,Tailândia,21587,0.88618,15.04,25.0,101.8
1505304,Oriximiná,17956,0.92672,22.44,25.0,101.83
1504000,Limoeiro do Ajuru,7177,0.89351,18.31,25.0,107.09
1508308,Viseu,16235,0.80779,23.2,25.0,107.98
1501006,Aveiro,4647,0.90959,23.82,25.0,110.13
1500859,Anapu,9335,0.85046,16.64,25.0,108.92
1501956,Cachoeira do Piriá,5620,0.79783,18.32,25.0,111.55
1507201,São Domingos do Capim,8463,0.83702,25.87,25.0,109.81
1507706,São Sebastião da Boa Vista,6560,0.90484,19.26,25.0,108.24
1504950,Nova Esperança do Piriá,6025,0.77071,17.14,25.0,105.56
1500503,Almeirim,9116,0.8742,18.85,25.0,106.1
1506005,Prainha,9205,0.88558,17.95,25.0,107.93
1400282,Iracema,2925,0.79965,20.26,25.0,112.94
1400175,Cantá,5429,0.90809,21.89,25.0,114.17
1703842,Campos Lindos,2419,0.86861,20.77,25.0,108.26
1200500,Sena Madureira,12627,0.82408,23.15,26.0,107.76
1200203,Cruzeiro do Sul,26737,0.86245,21.81,26.0,99.58
2707800,Roteiro,1987,0.74973,22.92,26.0,99.88
1301902,Itacoatiara,27664,0.93927,22.52,26.0,104.21
1301704,Humaitá,14416,0.88743,20.23,26.0,105.42
1302009,Itapiranga,2599,0.94075,21.38,26.0,105.71
1303007,Nhamundá,4570,0.93221,22.28,26.0,106.4
1304401,Urucurituba,5202,0.93704,21.68,26.0,102.56
1600279,Laranjal do Jari,10331,0.89752,20.59,26.0,102.84
1600055,Serra do Navio,1364,0.93713,15.53,26.0,106.86
2103554,Conceição do Lago-Açu,4105,0.76987,24.52,26.0,106.49
2109304,Presidente Vargas,3111,0.80286,25.32,26.0,98.44
2101707,Barreirinhas,17971,0.83108,23.05,26.0,103.56
2106631,Matões do Norte,3903,0.80803,21.49,26.0,102.79
2112704,Vargem Grande,12882,0.7757,28.06,26.0,100.68
2100303,Aldeias Altas,6664,0.71543,25.71,26.0,100.38
2102325,Buriticupu,16339,0.7945,25.92,26.0,100.0
2108256,Pedro do Rosário,6940,0.79584,26.37,26.0,99.85
2106904,Monção,7956,0.79547,29.06,26.0,100.83
2107209,Nina Rodrigues,3526,0.80371,21.6,26.0,93.0
2104651,Governador Newton Bello,2806,0.81391,27.32,26.0,107.74
2108058,Paulino Neves,4418,0.7892,26.16,26.0,105.25
2112407,Turiaçu,10226,0.8428,25.85,26.0,97.41
2104800,Grajaú,21786,0.82836,24.01,26.0,101.58
1500909,Augusto Corrêa,12365,0.82544,24.11,26.0,104.69
1504703,Moju,25016,0.87528,19.43,26.0,109.12
1503457,Ipixuna do Pará,8758,0.8245,20.81,26.0,106.43
1502855,Curuá,3903,0.91958,21.99,26.0,108.25
1508001,Tomé-Açu,19818,0.88632,20.48,26.0,103.73
1504604,Mocajuba,6854,0.91778,28.66,26.0,103.0
1502103,Cametá,33318,0.91668,26.68,26.0,105.35
1504901,Muaná,10636,0.8999,21.1,26.0,102.8
1507805,Senador José Porfírio,6498,0.84771,14.86,26.0,117.47
1503002,Faro,2096,0.92743,24.91,26.0,105.61
1502764,Cumaru do Norte,3626,0.83501,13.9,26.0,121.74
2503555,Cacimbas,2291,0.75257,32.01,26.0,93.65
2609154,Manari,6694,0.69833,27.29,26.0,99.19
2607000,Inajá,7310,0.75866,22.76,26.0,96.75
2201150,Baixa Grande do Ribeiro,3883,0.85093,20.9,26.0,105.07
1400308,Mucajaí,5339,0.87667,22.59,26.0,105.93
1400209,Caracaraí,6087,0.87008,21.25,26.0,108.96
1400233,Caroebe,3130,0.91693,18.3,26.0,114.36
1720150,São Félix do Tocantins,551,0.88318,25.05,26.0,106.84
1709005,Goiatins,3696,0.82264,30.17,26.0,107.77
1718303,Praia Norte,2454,0.83864,26.26,26.0,105.36
2708402,São José da Tapera,9534,0.73007,31.12,27.0,97.27
2701803,Carneiros,2742,0.77729,29.68,27.0,95.84
2708956,Senador Rui Palmeira,3681,0.74423,32.65,27.0,97.83
1300706,Boca do Acre,10162,0.80163,24.54,27.0,107.84
1301100,Careiro,9067,0.87057,28.16,27.0,108.17
1303536,Presidente Figueiredo,9389,0.91418,22.5,27.0,102.71
1300904,Canutama,4552,0.81116,22.01,27.0,115.33
1302553,Manaquiri,4956,0.88584,25.31,27.0,108.11
1304302,Urucará,4279,0.94227,24.44,27.0,110.69
1600600,Santana,28794,0.92436,22.15,27.0,99.04
2112274,Tufilândia,1567,0.76317,35.54,27.0,103.29
2104677,Governador Nunes Freire,6739,0.81956,26.12,27.0,101.53
2107100,Morros,5181,0.81228,27.86,27.0,105.11
2105153,Igarapé do Meio,4033,0.78742,26.61,27.0,98.92
2108306,Penalva,9678,0.83185,31.18,27.0,98.42
2105963,Lagoa Grande do Maranhão,3366,0.7145,25.45,27.0,107.13
2102150,Brejo de Areia,2545,0.7458,27.18,27.0,107.33
2112001,Tasso Fragoso,2638,0.86719,28.27,27.0,105.95
2105104,Icatu,6914,0.82049,32.49,27.0,104.42
2112506,Tutóia,14744,0.77665,28.9,27.0,99.64
2101400,Balsas,30817,0.91591,22.45,27.0,97.6
2102705,Cantanhede,6016,0.82948,29.76,27.0,100.06
2106409,Mata Roma,4803,0.79035,31.3,27.0,101.46
2110005,Santa Luzia,17039,0.7692,31.99,27.0,100.99
2109270,Presidente Sarney,4934,0.79648,28.24,27.0,98.94
2102002,Bom Jardim,9753,0.7507,31.54,27.0,101.53
2100477,Alto Alegre do Pindaré,7425,0.77842,31.49,27.0,101.84
2106672,Milagres do Maranhão,2369,0.70665,33.56,27.0,106.85
2103901,Duque Bacelar,2748,0.73313,32.28,27.0,101.52
5007950,Tacuru,3242,0.84405,27.47,27.0,107.53
5001243,Aral Moreira,3370,0.8888,26.14,27.0,100.41
5103858,Gaúcha do Norte,2683,0.90221,17.33,27.0,105.81
5100359,Alto Boa Vista,1787,0.9159,25.75,27.0,104.62
5107354,São José do Xingu,1935,0.92582,16.78,27.0,112.7
5107578,Rondolândia,1074,0.89808,24.03,27.0,107.52
5107065,Querência,8459,0.95102,14.99,27.0,110.05
5103700,Feliz Natal,3350,0.93559,17.39,27.0,107.51
5107792,Santo Antônio do Leste,1292,0.93529,14.9,27.0,109.99
1502756,Concórdia do Pará,7968,0.86392,24.41,27.0,101.64
1507755,Sapucaia,1776,0.86607,21.64,27.0,103.09
1506195,Rurópolis,9079,0.87928,24.99,27.0,105.59
1505106,Óbidos,14537,0.90735,28.24,27.0,104.94
1501907,Bujaru,7099,0.88521,27.06,27.0,102.68
1505486,Pacajá,12474,0.86611,20.88,27.0,111.13
1505064,Novo Repartimento,18530,0.85227,22.21,27.0,106.41
1502954,Eldorado do Carajás,8905,0.85915,25.95,27.0,105.05
1502939,Dom Eliseu,15347,0.88966,20.72,27.0,97.73
1500958,Aurora do Pará,6652,0.81752,24.83,27.0,103.28
1501782,Breu Branco,13532,0.84897,25.95,27.0,102.16
1508050,Trairão,4688,0.88181,22.78,27.0,111.05
1508357,Vitória do Xingu,4906,0.85806,23.18,27.0,106.01
1502152,Canaã dos Carajás,24376,0.94854,11.6,27.0,104.5
1506401,Santa Cruz do Arari,1771,0.92374,27.97,27.0,109.31
1500206,Acará,17057,0.84099,25.99,27.0,107.3
2603926,Carnaubeira da Penha,3410,0.81441,34.05,27.0,103.88
2208502,Porto,3373,0.74652,29.3,27.0,101.91
1400100,Boa Vista,119011,0.96428,18.63,27.0,97.44
1400472,Rorainópolis,10064,0.90498,20.21,27.0,106.63
1400506,São João da Baliza,2603,0.90375,20.11,27.0,114.95
4315404,Redentora,3101,0.90719,35.81,27.0,102.83
2800704,Brejo Grande,2471,0.75753,27.14,27.0,102.77
2801207,Canindé de São Francisco,8712,0.77626,24.11,27.0,94.82
1718808,Sampaio,1254,0.83074,29.33,27.0,103.03
1702901,Axixá do Tocantins,2915,0.84687,31.75,27.0,95.99
1711951,Lagoa do Tocantins,1068,0.85737,29.83,27.0,103.59
1711902,Lagoa da Confusão,4800,0.92818,19.56,27.0,108.97
1712702,Mateiros,811,0.83185,21.39,27.0,111.22
1200138,Bujari,4193,0.81259,26.12,28.0,108.27
1200179,Capixaba,3468,0.84268,26.94,28.0,109.77
1200708,Xapuri,6090,0.85388,26.66,28.0,106.53
1200013,Acrelândia,4461,0.8835,25.85,28.0,104.18
1200104,Brasiléia,8665,0.89014,25.34,28.0,101.74
1200807,Porto Acre,5448,0.83983,30.7,28.0,108.14
1200252,Epitaciolândia,6477,0.8878,24.87,28.0,101.04
2703601,Japaratinga,2873,0.80062,26.16,28.0,97.66
2703809,Joaquim Gomes,5335,0.69385,30.69,28.0,99.42
2707107,Piranhas,7024,0.7924,29.57,28.0,93.42
2708501,São Luís do Quitunde,9300,0.75279,26.06,28.0,95.97
2703304,Inhapi,4793,0.71311,35.51,28.0,90.76
2705507,Murici,7707,0.76342,29.05,28.0,93.34
1301852,Iranduba,17757,0.91136,23.9,28.0,105.25
1303569,Rio Preto da Eva,7806,0.91269,25.4,28.0,106.46
1301159,Careiro da Várzea,5780,0.87093,28.67,28.0,110.16
1600303,Macapá,123482,0.95101,21.92,28.0,95.66
2927101,Rodelas,3199,0.87437,27.34,28.0,97.17
2919553,Luís Eduardo Magalhães,36342,0.95318,11.85,28.0,100.6
5200258,Águas Lindas de Goiás,74467,0.94759,15.67,28.0,97.85
2102507,Cajari,4907,0.85347,31.39,28.0,103.17
2109809,Santa Helena,11022,0.82171,33.17,28.0,95.66
2102606,Cândido Mendes,5682,0.82872,28.22,28.0,105.87
2105906,Lago Verde,4306,0.73335,32.41,28.0,98.32
2112100,Timbiras,7575,0.712,32.31,28.0,98.65
2111078,São João do Soter,5135,0.72846,36.46,28.0,98.81
2103208,Chapadinha,23972,0.80877,32.68,28.0,96.49
2104099,Formosa da Serra Negra,5128,0.85923,32.35,28.0,110.14
2104305,Godofredo Viana,3140,0.86548,23.72,28.0,107.16
2100832,Apicum-Açu,5044,0.84448,28.3,28.0,107.23
2108108,Paulo Ramos,5957,0.73206,34.13,28.0,100.13
2108454,Peritoró,6198,0.74945,34.45,28.0,99.48
2110658,São Domingos do Azeitão,2249,0.79364,30.98,28.0,102.07
2101772,Bela Vista do Maranhão,3492,0.79494,33.01,28.0,99.25
2110104,Santa Quitéria do Maranhão,6491,0.75908,35.19,28.0,98.95
2100436,Alto Alegre do Maranhão,7540,0.76251,31.06,28.0,97.15
2111748,Senador Alexandre Costa,3027,0.7507,35.53,28.0,100.93
2105658,Junco do Maranhão,1499,0.8039,31.17,28.0,100.0
2100873,Araguanã,3210,0.79845,35.2,28.0,101.31
2100808,Anapurus,3996,0.78285,31.57,28.0,99.67
2112852,Vila Nova dos Martírios,3312,0.79292,31.07,28.0,103.34
2106607,Matões,9369,0.75392,35.29,28.0,101.11
2102903,Carutapera,7065,0.85696,26.38,28.0,103.99
2111722,Satubinha,2450,0.74431,31.23,28.0,106.39
2100501,Alto Parnaíba,3405,0.87059,34.49,28.0,107.3
2110203,Santa Rita,11311,0.84415,28.82,28.0,99.69
3165552,Setubinha,2971,0.77131,42.07,28.0,98.38
3116159,Chapada Gaúcha,3882,0.87824,33.99,28.0,105.92
5101407,Aripuanã,7781,0.9466,18.01,28.0,110.6
5102686,Campos de Júlio,2882,0.94154,13.25,28.0,105.83
5106224,Nova Mutum,18174,0.9612,15.52,28.0,103.42
5107875,Sapezal,9291,0.95596,10.31,28.0,111.67
5102637,Campo Novo do Parecis,15294,0.95702,12.94,28.0,107.55
5106240,Nova Ubiratã,3745,0.9327,16.99,28.0,110.59
1502772,Curionópolis,6416,0.8715,29.99,28.0,104.53
1500347,Água Azul do Norte,5618,0.88314,21.52,28.0,115.65
1503606,Itaituba,36386,0.91806,22.74,28.0,102.07
1508159,Uruará,14245,0.87814,23.59,28.0,109.96
1507979,Terra Santa,4998,0.94939,25.34,28.0,102.76
1501204,Baião,12116,0.91962,27.34,28.0,100.75
1505502,Paragominas,33006,0.91508,20.64,28.0,98.82
1507607,São Miguel do Guamá,16392,0.88354,28.86,28.0,98.01
1502004,Cachoeira do Arari,6550,0.91631,26.05,28.0,102.29
1505437,Ourilândia do Norte,10381,0.88428,19.6,28.0,103.87
1501451,Belterra,5350,0.91142,33.53,28.0,102.56
1504208,Marabá,86027,0.92201,22.53,28.0,99.26
1505700,Ponta de Pedras,7084,0.87944,26.29,28.0,105.77
1506807,Santarém,95606,0.95388,28.61,28.0,96.58
1503077,Garrafão do Norte,7710,0.78132,26.92,28.0,105.7
1503705,Itupiranga,13778,0.84775,25.56,28.0,109.88
1501303,Barcarena,37980,0.93847,22.27,28.0,100.22
1505031,Novo Progresso,10452,0.93592,17.71,28.0,108.27
1505650,Placas,5877,0.87934,23.89,28.0,111.82
1503309,Igarapé-Miri,16925,0.84587,25.04,28.0,105.44
1505536,Parauapebas,87667,0.94555,12.89,28.0,100.01
1506708,Santana do Araguaia,10540,0.89516,24.62,28.0,105.93
2509057,Marcação,2762,0.76662,28.13,28.0,101.55
2615607,Trindade,9899,0.81764,31.29,28.0,95.85
2607307,Ipubi,9330,0.78762,32.22,28.0,98.18
2209203,Santa Filomena,1831,0.82184,32.21,28.0,105.92
2202174,Campo Largo do Piauí,2193,0.71802,30.66,28.0,105.29
4207684,Ipuaçu,2528,0.92175,35.98,28.0,104.17
2805406,Poço Redondo,10755,0.73394,28.92,28.0,102.32
1703891,Carrasco Bonito,1012,0.79246,32.08,28.0,106.73
1718659,Rio da Conceição,568,0.89466,30.19,28.0,101.14
1703073,Barra do Ouro,1363,0.84018,36.45,28.0,110.34
1703305,Bom Jesus do Tocantins,1337,0.87855,29.3,28.0,108.25
1707405,Esperantina,2317,0.78214,36.64,28.0,104.68
1200385,Plácido de Castro,5552,0.84375,31.14,29.0,105.69
2707404,Porto de Pedras,2820,0.77924,26.28,29.0,100.8
2705101,Matriz de Camaragibe,7342,0.7666,30.97,29.0,94.4
2701605,Canapi,5047,0.70097,37.81,29.0,98.13
2700508,Barra de Santo Antônio,5229,0.78705,28.52,29.0,97.41
2702108,Colônia Leopoldina,5176,0.74116,34.27,29.0,94.18
2705804,Olho d'Água do Casado,2600,0.75243,32.2,29.0,97.52
2706505,Passo de Camaragibe,4229,0.76249,30.48,29.0,100.41
2704500,Maragogi,10035,0.81124,24.33,29.0,96.69
1300144,Apuí,5789,0.91808,22.35,29.0,111.66
2902708,Barra,15476,0.79875,33.29,29.0,103.55
2908606,Conde,7680,0.83984,37.58,29.0,98.11
2928901,São Desidério,10440,0.82124,28.81,29.0,105.78
2904050,Bonito,5413,0.86019,29.65,29.0,99.97
2912202,Ibicoara,6808,0.87226,26.39,29.0,100.49
2911105,Formosa do Rio Preto,8150,0.81637,35.05,29.0,102.26
2922250,Muquém de São Francisco,3368,0.81007,35.56,29.0,111.4
2930758,Sítio do Mato,4006,0.83869,31.67,29.0,105.68
2307254,Jijoca de Jericoacoara,8795,0.85743,27.28,29.0,99.09
2306108,Irauçuba,7330,0.79907,36.5,29.0,102.31
2311959,Salitre,5367,0.71853,37.73,29.0,101.34
2308906,Morrinhos,7285,0.78092,38.31,29.0,101.89
2306553,Itarema,12954,0.81738,32.71,29.0,103.87
2300754,Amontada,13230,0.80229,36.87,29.0,106.09
5205471,Chapadão do Céu,4286,0.96217,14.05,29.0,104.94
5215231,Novo Gama,34251,0.93947,24.57,29.0,96.83
5220009,São João d'Aliança,4260,0.92877,29.18,29.0,113.36
5219753,Santo Antônio do Descoberto,24177,0.93092,25.69,29.0,97.64
2111532,São Pedro da Água Branca,3671,0.80543,31.41,29.0,103.79
2103505,Colinas,12482,0.78288,33.78,29.0,95.31
2103125,Central do Maranhão,2210,0.79255,37.12,29.0,107.43
2107456,Olinda Nova do Maranhão,4161,0.81454,35.03,29.0,102.88
2105450,Jatobá,2280,0.77637,33.74,29.0,102.25
2105708,Lago da Pedra,13477,0.76211,36.52,29.0,97.88
2101608,Barra do Corda,27087,0.7976,36.3,29.0,97.92
2101103,Axixá,3344,0.87499,40.15,29.0,99.12
2111631,São Raimundo do Doca Bezerra,1685,0.77629,34.1,29.0,108.87
2111672,São Roberto,1365,0.74692,32.25,29.0,104.78
2104206,Fortuna,5136,0.79523,39.46,29.0,103.11
2110039,Santa Luzia do Paruá,7134,0.83932,35.36,29.0,99.65
2106706,Mirador,6233,0.76047,37.32,29.0,104.63
2109452,Raposa,9508,0.89716,22.32,29.0,95.33
2111789,Serrano do Maranhão,3148,0.79302,34.71,29.0,109.53
2108504,Pindaré-Mirim,9431,0.84272,34.25,29.0,93.97
2101251,Bacabeira,5290,0.8598,26.98,29.0,98.48
2110237,Santana do Maranhão,2952,0.71803,36.3,29.0,100.93
2105401,Itapecuru Mirim,18878,0.81986,30.41,29.0,95.73
2104552,Governador Edison Lobão,5953,0.84587,32.57,29.0,102.61
2107357,Nova Olinda do Maranhão,4297,0.78666,36.03,29.0,98.15
2107258,Nova Colinas,1473,0.82326,36.23,29.0,110.26
2102101,Brejo,9644,0.76817,37.5,29.0,100.91
2108801,Pirapemas,5240,0.7646,32.72,29.0,99.41
2112803,Viana,15784,0.86214,33.44,29.0,97.8
2103752,Davinópolis,4568,0.85737,34.33,29.0,101.79
2104073,Feira Nova do Maranhão,2484,0.83939,40.05,29.0,109.15
2109239,Presidente Médici,1386,0.81202,39.2,29.0,100.17
2104107,Fortaleza dos Nogueiras,3902,0.89057,34.01,29.0,102.53
2111573,São Pedro dos Crentes,1709,0.91067,31.01,29.0,111.44
2109759,Santa Filomena do Maranhão,2001,0.76394,33.63,29.0,109.09
3145208,Nova Serrana,36992,0.96254,21.15,29.0,99.58
3171030,Verdelândia,2516,0.83101,32.14,29.0,103.93
3170529,Urucuia,4173,0.91443,35.59,29.0,104.98
5006903,Porto Murtinho,4043,0.90987,29.43,29.0,105.15
5000203,Água Clara,5613,0.93945,20.73,29.0,102.5
5000609,Amambai,13629,0.91533,35.39,29.0,96.36
5000906,Antônio João,3176,0.89196,36.67,29.0,99.21
5005202,Ladário,6386,0.95858,27.73,29.0,97.96
5103908,General Carneiro,1895,0.90064,32.98,29.0,109.76
5108006,Tapurah,4598,0.94791,21.22,29.0,108.56
5103353,Confresa,11908,0.9334,22.82,29.0,105.95
5105259,Lucas do Rio Verde,27725,0.97161,15.03,29.0,101.16
5101902,Brasnorte,5771,0.92964,25.6,29.0,105.61
5107776,Santa Terezinha,2338,0.88873,28.86,29.0,111.88
5107925,Sorriso,37031,0.95997,18.95,29.0,103.0
5108907,Nova Maringá,1925,0.91976,21.16,29.0,112.12
5107040,Primavera do Leste,28967,0.96809,20.62,29.0,101.33
5104526,Ipiranga do Norte,2546,0.95828,18.97,29.0,110.99
1506302,Salvaterra,7391,0.93017,31.34,29.0,99.78
1504455,Medicilândia,8955,0.87126,25.19,29.0,112.19
1501709,Bragança,37060,0.88144,30.55,29.0,100.13
1507151,São Domingos do Araguaia,6800,0.84769,33.92,29.0,103.28
1507458,São Geraldo do Araguaia,7711,0.87724,29.25,29.0,101.91
1508126,Ulianópolis,9700,0.89197,17.67,29.0,100.15
1502301,Capitão Poço,18213,0.81774,29.8,29.0,103.0
1500107,Abaetetuba,43033,0.89908,28.99,29.0,100.51
1503408,Inhangapi,3213,0.8791,32.63,29.0,102.61
1508084,Tucumã,12825,0.90437,24.33,29.0,99.82
1508407,Xinguara,17900,0.90676,26.06,29.0,101.09
1508100,Tucuruí,27400,0.91828,28.08,29.0,97.91
1504802,Monte Alegre,18315,0.88844,33.33,29.0,102.33
1503093,Goianésia do Pará,8289,0.84442,25.84,29.0,105.36
1507508,São João do Araguaia,4390,0.80618,31.9,29.0,114.37
1505635,Piçarra,4072,0.87896,26.73,29.0,110.43
1506138,Redenção,28022,0.91957,26.87,29.0,97.36
1500602,Altamira,41217,0.90343,23.59,29.0,99.38
1507300,São Félix do Xingu,20836,0.89009,20.15,29.0,113.87
1504059,Mãe do Rio,9890,0.87475,30.8,29.0,96.68
1506559,Santa Luzia do Pará,6312,0.82402,33.78,29.0,101.09
1501253,Bannach,1323,0.87217,26.39,29.0,115.91
1503044,Floresta do Araguaia,5986,0.87036,28.78,29.0,113.07
2501401,Baía da Traição,2794,0.82284,28.42,29.0,98.79
2504033,Capim,2194,0.71533,32.2,29.0,97.39
2509305,Mataraca,2680,0.79816,31.27,29.0,98.6
2608750,Lagoa Grande,8055,0.8174,29.94,29.0,97.65
2615409,Toritama,14213,0.84862,21.66,29.0,93.19
2609303,Mirandiba,4467,0.82927,38.84,29.0,98.63
2615805,Tupanatinga,7917,0.74069,36.82,29.0,96.97
2614857,Tamandaré,7632,0.85607,29.78,29.0,94.99
2600500,Águas Belas,13433,0.70217,39.51,29.0,94.72
2605707,Floresta,9418,0.86697,36.3,29.0,95.75
2602803,Buíque,17119,0.71217,39.8,29.0,98.7
2609808,Orocó,4286,0.8318,30.47,29.0,100.31
2612604,Santa Maria da Boa Vista,12529,0.83185,30.56,29.0,101.64
2206209,Miguel Alves,9272,0.70569,39.65,29.0,101.97
2206803,Nossa Senhora dos Remédios,2549,0.73185,39.48,29.0,100.49
2203271,Curral Novo do Piauí,1575,0.7377,35.1,29.0,102.51
2205953,Marcolândia,2822,0.7705,31.91,29.0,99.37
2211209,Uruçuí,7639,0.86695,34.38,29.0,98.4
2201903,Bom Jesus,8991,0.88098,29.54,29.0,99.05
2206605,Monte Alegre do Piauí,3273,0.80934,36.24,29.0,102.51
4127882,Tunas do Paraná,2104,0.87495,28.38,29.0,103.63
1100106,Guajará-Mirim,11803,0.94162,26.54,29.0,100.36
1100338,Nova Mamoré,8447,0.90688,25.34,29.0,105.09
1400605,São Luiz,2260,0.9,26.09,29.0,113.7
4203154,Calmon,1127,0.90902,29.29,29.0,110.32
2806305,Santa Luzia do Itanhy,4513,0.75594,32.29,29.0,98.4
2804201,Monte Alegre de Sergipe,4814,0.74544,31.47,29.0,101.29
2801702,Cristinápolis,5757,0.77532,30.58,29.0,97.48
2802700,Ilha das Flores,2767,0.80632,34.91,29.0,96.34
2802809,Indiaroba,5261,0.79558,30.89,29.0,98.69
1703800,Buriti do Tocantins,2851,0.80678,37.74,29.0,98.56
1720200,São Miguel do Tocantins,4058,0.84368,33.24,29.0,100.5
1719004,Santa Tereza do Tocantins,853,0.86834,34.51,29.0,106.15
1702554,Augustinópolis,5667,0.8665,34.55,29.0,95.42
1200450,Senador Guiomard,6961,0.87043,31.36,30.0,106.01
1200401,Rio Branco,123861,0.93041,29.35,30.0,93.91
2705705,Olho d'Água das Flores,6787,0.79949,38.37,30.0,91.71
2701100,Branquinha,3064,0.67097,35.01,30.0,96.34
2708303,São José da Laje,6822,0.74581,36.03,30.0,94.5
2708709,São Miguel dos Milagres,2685,0.81993,31.47,30.0,94.99
2702900,Girau do Ponciano,11035,0.69766,37.67,30.0,101.45
2705408,Monteirópolis,2211,0.73536,38.93,30.0,95.27
2703700,Jaramataia,1595,0.68758,36.16,30.0,94.35
2708105,Santana do Mundaú,3815,0.72168,35.25,30.0,98.75
2705002,Mata Grande,7057,0.68919,42.31,30.0,98.22
2707206,Poço das Trincheiras,4049,0.73265,36.71,30.0,101.03
2706406,Pão de Açúcar,7567,0.75877,40.26,30.0,97.14
2700904,Belo Monte,1844,0.72951,38.52,30.0,100.47
2704203,Limoeiro de Anadia,8055,0.73785,39.83,30.0,97.15
2705903,Olho d'Água Grande,1377,0.67876,39.37,30.0,100.74
2700409,Atalaia,11955,0.75519,35.2,30.0,94.91
2709152,Teotônio Vilela,12346,0.78409,34.9,30.0,90.46
2701407,Campo Alegre,10301,0.78444,36.07,30.0,91.94
2706208,Palestina,1321,0.78081,39.63,30.0,97.13
2707909,Santa Luzia do Norte,2184,0.85301,33.89,30.0,92.25
2702355,Craíbas,8074,0.71098,34.1,30.0,97.41
2706901,Pilar,11594,0.82511,32.97,30.0,91.45
2706422,Pariconha,3262,0.77756,43.45,30.0,100.55
2709202,Traipu,7354,0.67315,41.13,30.0,99.65
2706000,Olivença,3575,0.72676,40.57,30.0,95.37
2708006,Santana do Ipanema,15098,0.79034,36.09,30.0,93.56
2700706,Batalha,5123,0.76704,36.71,30.0,95.46
2704104,Lagoa da Canoa,5935,0.72436,41.26,30.0,96.2
2701357,Campestre,2090,0.76708,34.68,30.0,96.9
2706802,Piaçabuçu,5247,0.77165,35.51,30.0,96.1
2703007,Ibateguara,4585,0.7022,36.83,30.0,96.13
2705200,Messias,4979,0.79004,33.64,30.0,91.13
2701308,Cajueiro,4961,0.72562,33.56,30.0,88.87
2706448,Paripueira,4383,0.84482,34.65,30.0,94.23
2705606,Novo Lino,3241,0.7333,31.41,30.0,98.57
2700607,Barra de São Miguel,2528,0.85446,27.17,30.0,95.71
2707305,Porto Calvo,7636,0.78865,32.89,30.0,94.53
2700102,Água Branca,5710,0.7711,44.38,30.0,95.64
1302603,Manaus,630062,0.97024,26.41,30.0,93.8
2900207,Abaré,5545,0.80062,37.01,30.0,97.39
2917904,Jandaíra,3099,0.8118,36.16,30.0,100.32
2925303,Porto Seguro,60234,0.91533,24.85,30.0,96.57
2922052,Mulungu do Morro,4502,0.84101,35.4,30.0,99.36
2924405,Pilão Arcado,10728,0.74923,37.97,30.0,104.03
2918407,Juazeiro,78819,0.90327,31.38,30.0,95.35
2904753,Buritirama,5900,0.78078,39.04,30.0,108.66
2905800,Camamu,10433,0.79892,36.36,30.0,95.97
2907004,Cardeal da Silva,2825,0.83268,32.71,30.0,93.46
2914653,Itabela,9620,0.82001,35.71,30.0,101.38
2905404,Cairu,6534,0.8902,27.99,30.0,95.82
2920700,Maraú,8580,0.84137,28.7,30.0,104.17
2914901,Itacaré,9880,0.86283,31.0,30.0,103.36
2931301,Tapiramutá,5106,0.82473,38.9,30.0,98.39
2933604,Xique-Xique,13521,0.83194,39.12,30.0,95.68
2931608,Teolândia,4735,0.77336,37.35,30.0,105.77
2930204,Sento Sé,11702,0.81932,35.66,30.0,106.52
2930154,Serra do Ramalho,11309,0.82191,36.93,30.0,103.11
2924207,Pedro Alexandre,4717,0.68101,32.16,30.0,100.72
2300150,Acarape,4439,0.84027,34.43,30.0,96.32
2308377,Miraíma,4259,0.78279,40.84,30.0,105.59
2307809,Marco,7594,0.82852,31.71,30.0,101.9
2306405,Itapipoca,41579,0.84996,38.42,30.0,98.64
2313401,Tianguá,25654,0.83249,33.7,30.0,98.44
2308005,Massapê,12335,0.7808,40.42,30.0,95.95
2304509,Frecheirinha,5420,0.76911,39.44,30.0,100.89
2313757,Umirim,5656,0.78721,40.2,30.0,102.76
2314102,Viçosa do Ceará,18273,0.77098,39.55,30.0,100.59
2307908,Martinópole,3698,0.78141,43.77,30.0,98.43
2304707,Granja,17092,0.71014,43.14,30.0,103.84
2313807,Uruburetama,6399,0.8199,36.71,30.0,98.81
3205010,Sooretama,9185,0.89572,32.34,30.0,100.64
5212709,Mambaí,2601,0.85745,29.25,30.0,103.81
5212501,Luziânia,71953,0.94189,28.04,30.0,98.36
5206206,Cristalina,21443,0.93821,27.87,30.0,102.98
5217609,Planaltina,35183,0.92689,25.2,30.0,97.79
5220454,Senador Canedo,52370,0.95877,21.63,30.0,98.57
5221080,Teresina de Goiás,919,0.86435,38.78,30.0,100.82
5205497,Cidade Ocidental,31789,0.96083,21.14,30.0,94.19
2104057,Estreito,10763,0.88514,31.64,30.0,100.72
2108009,Pastos Bons,5712,0.82909,38.43,30.0,100.85
2101202,Bacabal,32893,0.85128,38.17,30.0,92.09
2109601,Rosário,12124,0.86603,34.13,30.0,95.32
2100055,Açailândia,34388,0.87135,30.18,30.0,97.51
2109908,Santa Inês,26886,0.87587,37.23,30.0,92.65
2112902,Vitória do Mearim,9357,0.81393,37.48,30.0,96.98
2104503,Governador Archer,2967,0.79084,43.85,30.0,99.12
2107001,Montes Altos,2888,0.8412,39.87,30.0,107.47
2111904,Sucupira do Norte,3127,0.80059,41.89,30.0,105.58
2103604,Coroatá,18889,0.7624,38.5,30.0,97.25
2109502,Riachão,7145,0.8499,42.51,30.0,106.23
2110500,São Bento,11901,0.84228,33.89,30.0,92.71
2114007,Zé Doca,12629,0.80773,37.46,30.0,97.23
2105500,João Lisboa,7626,0.85189,37.67,30.0,97.7
2106102,Loreto,3203,0.86558,39.47,30.0,105.29
2111763,Senador La Rocque,4605,0.79919,44.22,30.0,97.47
2106201,Luís Domingues,2115,0.86034,31.69,30.0,105.3
2102408,Cajapió,3145,0.79794,39.43,30.0,101.94
2102309,Buriti Bravo,6661,0.76569,41.22,30.0,99.56
2103406,Coelho Neto,11916,0.7846,39.08,30.0,97.24
2101301,Bacuri,5126,0.80929,39.81,30.0,103.6
2103307,Codó,34888,0.77698,39.01,30.0,93.72
2111805,Sítio Novo,5197,0.82994,35.55,30.0,109.96
2106755,Miranda do Norte,6595,0.85554,31.35,30.0,99.03
2107902,Passagem Franca,5296,0.74866,39.86,30.0,97.77
2108702,Pio XII,6514,0.75131,36.37,30.0,97.96
2102556,Campestre do Maranhão,3847,0.84448,32.07,30.0,102.22
2107803,Parnarama,9448,0.74299,37.69,30.0,99.86
2109700,Sambaíba,1679,0.80299,41.85,30.0,108.54
2111607,São Raimundo das Mangabeiras,5794,0.86222,39.32,30.0,103.82
2111508,São Mateus do Maranhão,11953,0.78468,38.26,30.0,97.11
2100154,Água Doce do Maranhão,3543,0.74302,40.5,30.0,104.69
2103257,Cidelândia,4144,0.8095,39.24,30.0,103.73
2110856,São Francisco do Brejão,2837,0.80982,35.52,30.0,100.69
2105609,Joselândia,4466,0.75061,36.55,30.0,102.99
2104602,Governador Eugênio Barros,4349,0.76048,43.43,30.0,100.55
2110609,São Bernardo,7765,0.77539,38.66,30.0,99.67
2110708,São Domingos do Maranhão,10769,0.78909,37.26,30.0,99.71
3121258,Delta,3536,0.91026,28.14,30.0,105.28
3135050,Jaíba,12100,0.87573,29.32,30.0,103.02
3108255,Bonito de Minas,3041,0.82529,51.78,30.0,106.02
3120300,Cristália,1724,0.87199,38.01,30.0,102.97
5005251,Laguna Carapã,2350,0.90628,34.02,30.0,98.57
5002951,Chapadão do Sul,10889,0.96766,19.74,30.0,103.3
5005608,Miranda,7842,0.90763,34.75,30.0,102.43
5006606,Ponta Porã,30465,0.94087,34.03,30.0,95.08
5108600,Vila Rica,6881,0.92183,29.06,30.0,109.22
5102702,Canarana,8878,0.94274,25.78,30.0,106.43
5106422,Peixoto de Azevedo,10880,0.90523,27.33,30.0,105.0
5107768,Santa Rita do Trivelato,1050,0.93242,20.26,30.0,107.6
5107941,Tabaporã,3300,0.92943,25.43,30.0,106.0
5102678,Campo Verde,15418,0.9551,24.79,30.0,101.98
5103254,Colniza,8837,0.92504,23.36,30.0,109.34
5100607,Alto Taquari,3914,0.9444,22.54,30.0,105.27
5105606,Matupá,6865,0.93209,28.05,30.0,103.87
5107248,Santa Carmem,1731,0.93755,28.83,30.0,108.13
5100805,Apiacás,2807,0.88412,26.58,30.0,110.69
5107909,Sinop,68530,0.96571,23.91,30.0,101.88
5108501,Vera,4284,0.92868,27.09,30.0,106.32
5107743,Santa Cruz do Xingu,890,0.92748,21.63,30.0,112.2
5105507,Vila Bela da Santíssima Trindade,5367,0.91965,25.72,30.0,108.37
1504752,Mojuí dos Campos,7478,0.86182,32.5,30.0,108.53
1503804,Jacundá,12607,0.85485,32.22,30.0,96.36
1501725,Brasil Novo,7195,0.88861,28.28,30.0,104.57
1506500,Santa Isabel do Pará,21491,0.9291,31.68,30.0,118.77
1506583,Santa Maria das Barreiras,5431,0.88026,29.79,30.0,112.75
1506203,Salinópolis,13482,0.91713,33.62,30.0,101.78
1503507,Irituia,9562,0.85757,37.58,30.0,105.76
1504422,Marituba,35884,0.95615,26.73,30.0,95.79
1501758,Brejo Grande do Araguaia,2130,0.8614,35.06,30.0,102.84
1501600,Bonito,4214,0.79833,33.5,30.0,105.4
1507904,Soure,7083,0.94367,35.11,30.0,97.36
1504976,Nova Ipixuna,4571,0.85707,34.05,30.0,109.5
1500131,Abel Figueiredo,2265,0.86162,31.63,30.0,103.41
1508035,Tracuateua,8736,0.83056,32.81,30.0,105.85
1505403,Ourém,5758,0.86165,35.47,30.0,102.71
1505494,Palestina do Pará,2200,0.80105,37.02,30.0,105.71
2503001,Caaporã,6834,0.81433,28.68,30.0,94.13
2511905,Pitimbu,5403,0.81678,30.8,30.0,96.17
2500601,Alhandra,7140,0.82422,29.64,30.0,95.19
2609907,Ouricuri,21487,0.7805,41.57,30.0,97.25
2601052,Araçoiaba,6292,0.80864,31.57,30.0,93.96
2611903,Rio Formoso,6438,0.82418,28.28,30.0,97.35
2614204,Sirinhaém,11889,0.81754,28.28,30.0,97.23
2611101,Petrolina,128380,0.91573,27.68,30.0,93.12
2607406,Itacuruba,1344,0.87315,34.94,30.0,95.44
2613404,São José da Coroa Grande,6103,0.85104,33.38,30.0,91.39
2606606,Ibimirim,8861,0.75595,40.11,30.0,96.17
2607208,Ipojuca,33191,0.87635,25.75,30.0,95.19
2603207,Caetés,9272,0.7401,39.82,30.0,98.83
2609204,Maraial,3094,0.72256,38.56,30.0,95.39
2611002,Petrolândia,10915,0.8629,33.35,30.0,95.15
2612505,Santa Cruz do Capibaribe,34712,0.88237,26.68,30.0,93.53
2613008,São Bento do Una,17189,0.78084,42.3,30.0,97.21
2607752,Itapissuma,8221,0.8827,36.81,30.0,122.13
2614808,Tacaratu,7343,0.80867,39.5,30.0,101.23
2601102,Araripina,27498,0.81237,36.45,30.0,94.99
2202653,Caxingó,1768,0.70396,38.37,30.0,107.16
2204402,Gilbués,3373,0.82649,40.25,30.0,102.45
2208700,Redenção do Gurguéia,2573,0.82074,39.84,30.0,104.93
2207603,Parnaguá,3034,0.82966,38.8,30.0,110.44
2208908,Ribeiro Gonçalves,1866,0.83291,39.0,30.0,105.4
2209971,São João do Arraial,2534,0.76953,42.57,30.0,102.52
2206696,Murici dos Portelas,2952,0.69751,40.29,30.0,105.39
2206100,Matias Olímpio,3202,0.74133,42.02,30.0,100.36
2205854,Madeiro,2262,0.74317,34.95,30.0,101.76
2204550,Guaribas,1313,0.73389,33.89,30.0,102.37
2202901,Corrente,8573,0.86719,40.58,30.0,102.19
4117602,Palmas,16310,0.93862,33.96,30.0,95.61
4107652,Fazenda Rio Grande,50435,0.97374,22.11,30.0,95.91
4111258,Itaperuçu,10515,0.93339,28.08,30.0,100.79
2410306,Serra Caiada,3209,0.76168,44.07,30.0,100.89
2409506,Pedra Grande,1093,0.76645,41.97,30.0,102.24
2410405,Pureza,3027,0.77611,39.59,30.0,102.64
2413359,Serra do Mel,4239,0.81578,33.09,30.0,102.87
2415008,Vila Flor,987,0.79545,32.81,30.0,102.42
2405801,João Câmara,10870,0.79853,39.69,30.0,99.13
2404200,Goianinha,8322,0.84508,31.85,30.0,96.16
2413201,Senador Georgino Avelino,1251,0.82151,35.19,30.0,98.58
2402204,Canguaretama,9169,0.80651,34.38,30.0,95.73
2408805,Parazinho,1492,0.76884,44.44,30.0,98.39
1100809,Candeias do Jamari,7431,0.91864,29.36,30.0,105.77
1100924,Chupinguaia,3206,0.92635,22.85,30.0,103.09
1101104,Itapuã do Oeste,2910,0.90312,30.5,30.0,108.9
1100940,Cujubim,5203,0.92336,24.62,30.0,107.38
1100080,Costa Marques,4161,0.92934,27.42,30.0,107.41
4211058,Monte Carlo,3167,0.91897,38.47,30.0,101.17
4201307,Araquari,15025,0.96995,21.9,30.0,102.84
4205175,Entre Rios,1173,0.91483,39.19,30.0,101.42
4218251,Timbó Grande,2520,0.92554,29.46,30.0,106.29
2807600,Umbaúba,8285,0.81866,34.25,30.0,91.8
2801504,Carmópolis,4689,0.87995,25.21,30.0,91.13
2802007,Divina Pastora,1453,0.8265,31.42,30.0,98.81
2806404,Santana do São Francisco,2366,0.8273,30.16,30.0,98.11
2803005,Itabaianinha,13332,0.7816,37.92,30.0,96.22
2804805,Nossa Senhora do Socorro,67033,0.91827,23.32,30.0,90.11
2805901,Riachuelo,2815,0.87222,29.82,30.0,92.48
2804904,Pacatuba,4190,0.75515,35.96,30.0,98.19
3507159,Bom Sucesso de Itararé,1175,0.94215,34.1,30.0,104.31
3510153,Canitar,2077,0.93679,34.82,30.0,96.59
1720309,São Sebastião do Tocantins,1235,0.82883,31.84,30.0,105.72
1715259,Novo Jardim,704,0.82502,38.62,30.0,104.21
1706506,Darcinópolis,1990,0.89851,33.95,30.0,104.82
1712801,Maurilândia do Tocantins,998,0.83113,36.05,30.0,106.2
1721000,Palmas,105997,0.96887,23.41,30.0,95.29
1721208,Tocantinópolis,7384,0.90035,37.76,30.0,97.46
1720804,Sítio Novo do Tocantins,3260,0.8423,40.15,30.0,101.98
1710508,Itacajá,2161,0.86641,42.46,30.0,106.2
1718006,Porto Alegre do Tocantins,922,0.84111,37.99,30.0,106.19
1700301,Aguiarnópolis,1440,0.90328,38.25,30.0,100.22
1701002,Ananás,3182,0.86393,39.41,30.0,103.01
1702109,Araguaína,57633,0.93667,32.28,30.0,94.49
1718501,Recursolândia,1043,0.78458,34.25,30.0,131.62
1702208,Araguatins,10210,0.85262,38.03,30.0,101.39
1705508,Colinas do Tocantins,11817,0.91104,34.68,30.0,96.88
1720101,São Bento do Tocantins,1705,0.86343,34.87,30.0,108.56
1700400,Almas,2079,0.8463,39.09,30.0,107.17
1718865,Santa Fé do Araguaia,2362,0.86665,32.95,30.0,103.27
1708254,Fortaleza do Tabocão,1145,0.90961,34.12,30.0,100.64
1716505,Pedro Afonso,4739,0.92558,33.4,30.0,103.05
2702504,Dois Riachos,3265,0.7273,48.77,31.0,99.37
2702603,Feira Grande,7399,0.69554,40.48,31.0,97.82
2703403,Jacaré dos Homens,1632,0.76231,36.92,31.0,99.1
2702801,Flexeiras,3103,0.7477,34.92,31.0,96.09
2703759,Jequiá da Praia,2985,0.79262,33.54,31.0,100.55
2706109,Ouro Branco,3970,0.76545,40.45,31.0,98.16
2709400,Viçosa,7917,0.7514,42.66,31.0,92.55
2707701,Rio Largo,31230,0.8686,29.6,31.0,91.32
2707503,Porto Real do Colégio,6511,0.72693,39.56,31.0,95.29
2702702,Feliz Deserto,1327,0.75627,37.96,31.0,98.65
2709301,União dos Palmares,19749,0.76768,37.7,31.0,90.92
2701704,Capela,4650,0.76203,39.15,31.0,94.16
2702306,Coruripe,16396,0.81771,31.8,31.0,93.13
2708600,São Miguel dos Campos,16921,0.84119,35.88,31.0,90.23
2708808,São Sebastião,10475,0.71976,39.38,31.0,96.55
2708907,Satuba,7880,0.90424,26.08,31.0,91.53
2707602,Quebrangulo,3683,0.74889,41.14,31.0,92.49
2702405,Delmiro Gouveia,17074,0.82521,40.18,31.0,91.64
2701902,Chã Preta,1931,0.72943,41.13,31.0,99.73
2932457,Umburanas,4485,0.79225,38.84,31.0,104.16
2907103,Carinhanha,9304,0.81369,40.46,31.0,104.18
2912707,Ibirapitanga,8359,0.79032,44.97,31.0,106.81
2902054,Araças,4117,0.83033,37.67,31.0,93.45
2920205,Malhada,4811,0.79649,39.67,31.0,103.73
2907707,Chorrochó,3214,0.82014,47.22,31.0,102.39
2914406,Iraquara,8146,0.88477,44.8,31.0,98.0
2923357,Ourolândia,6100,0.78428,34.35,31.0,101.77
2907202,Casa Nova,23409,0.84071,39.62,31.0,104.64
2903904,Bom Jesus da Lapa,20927,0.86306,36.71,31.0,96.36
2919306,Lençóis,3919,0.89329,33.33,31.0,97.15
2930808,Souto Soares,5711,0.85851,44.76,31.0,99.63
2904852,Cabaceiras do Paraguaçu,5197,0.79504,43.45,31.0,93.29
2910602,Esplanada,10824,0.84699,39.32,31.0,94.63
2922805,Nova Itarana,2660,0.79764,46.41,31.0,102.34
2925501,Prado,11470,0.86214,36.84,31.0,102.33
2918357,João Dourado,8250,0.84411,39.12,31.0,100.42
2915908,Itanagra,2069,0.82031,38.44,31.0,96.28
2930774,Sobradinho,8348,0.86839,41.18,31.0,95.96
2909901,Curaçá,11240,0.83431,40.32,31.0,104.25
2903201,Barreiras,54356,0.92489,29.33,31.0,95.72
2925758,Presidente Tancredo Neves,9570,0.80419,35.74,31.0,101.76
2313351,Tejuçuoca,5603,0.76638,42.43,31.0,103.49
2313500,Trairi,18908,0.81517,40.05,31.0,101.95
2312007,Santana do Acaraú,9656,0.76526,47.22,31.0,103.0
2301901,Barbalha,24142,0.87609,38.67,31.0,93.35
2310605,Penaforte,2919,0.84683,42.21,31.0,96.11
2313559,Tururu,5077,0.78298,44.91,31.0,101.31
2306256,Itaitinga,19522,0.89791,27.04,31.0,127.11
2312809,Senador Sá,2426,0.74964,44.8,31.0,100.17
2312403,São Gonçalo do Amarante,17957,0.87725,35.38,31.0,97.77
2304608,General Sampaio,2193,0.75281,47.53,31.0,101.8
2313906,Uruoca,4664,0.75107,43.43,31.0,102.21
2304954,Guaiúba,7757,0.82383,39.75,31.0,99.17
2306603,Itatira,6688,0.75447,51.22,31.0,99.88
2308807,Moraújo,2710,0.77478,46.9,31.0,99.37
2307304,Juazeiro do Norte,97385,0.89106,41.93,31.0,89.91
2301851,Banabuiú,5585,0.762,47.4,31.0,101.16
2304004,Coreaú,7031,0.74012,46.54,31.0,98.16
2312304,São Benedito,15616,0.7981,44.17,31.0,99.2
2300200,Acaraú,20955,0.78754,39.32,31.0,100.44
2313609,Ubajara,10508,0.81974,43.13,31.0,97.68
2309201,Nova Olinda,5178,0.8364,41.23,31.0,95.05
2301307,Araripe,6746,0.73168,46.67,31.0,97.18
2305233,Horizonte,25611,0.88616,31.64,31.0,93.31
2309706,Pacatuba,27103,0.91375,29.61,31.0,93.93
2308401,Missão Velha,11841,0.79444,45.7,31.0,96.81
5213103,Mineiros,24783,0.94935,35.34,31.0,99.22
5200050,Abadia de Goiás,6229,0.94273,26.24,31.0,103.23
5222203,Vila Boa,1461,0.87171,30.19,31.0,108.56
5208806,Goianira,25193,0.9521,23.71,31.0,100.24
5204854,Campo Limpo de Goiás,2696,0.94576,35.14,31.0,102.18
5221858,Valparaíso de Goiás,71169,0.97214,20.43,31.0,92.87
2102358,Buritirana,4116,0.79454,41.47,31.0,102.86
2103802,Dom Pedro,7305,0.83748,41.76,31.0,94.56
2105922,Lagoa do Mato,3167,0.77238,39.63,31.0,101.14
2109007,Porto Franco,7807,0.89051,34.9,31.0,98.6
2105807,Lago do Junco,2869,0.74587,39.93,31.0,100.59
2102077,Bom Lugar,3560,0.73111,42.06,31.0,103.43
2112308,Tuntum,11376,0.7811,42.19,31.0,103.49
2110302,Santo Antônio dos Lopes,4360,0.76923,40.64,31.0,99.11
2111409,São Luís Gonzaga do Maranhão,5560,0.73295,41.89,31.0,98.35
2102754,Capinzal do Norte,3579,0.75172,40.44,31.0,97.47
2105427,Itinga do Maranhão,7302,0.85116,35.17,31.0,99.51
2107605,Palmeirândia,6061,0.80159,35.72,31.0,98.97
2104404,Gonçalves Dias,5339,0.75775,42.88,31.0,98.91
2107506,Paço do Lumiar,47860,0.95867,28.07,31.0,90.97
2109106,Presidente Dutra,14340,0.83734,37.34,31.0,95.22
2105302,Imperatriz,90440,0.93221,35.28,31.0,92.78
2106508,Matinha,6819,0.84669,37.21,31.0,99.46
2104628,Governador Luiz Rocha,2185,0.77491,39.64,31.0,104.96
2100402,Altamira do Maranhão,1950,0.75298,40.44,31.0,102.54
2100907,Araioses,11973,0.72379,43.71,31.0,104.93
2111201,São José de Ribamar,81056,0.95158,24.77,31.0,90.4
2103000,Caxias,48203,0.82482,41.84,31.0,92.41
2106805,Mirinzal,4531,0.87744,40.64,31.0,101.33
2112233,Trizidela do Vale,7272,0.83305,40.35,31.0,93.48
2101004,Arari,8966,0.8446,42.2,31.0,98.21
2106300,Magalhães de Almeida,4214,0.76237,42.86,31.0,102.66
2105989,Lajeado Novo,2342,0.8363,40.37,31.0,108.42
2108603,Pinheiro,26145,0.85914,37.59,31.0,92.99
2104008,Esperantinópolis,5630,0.78832,44.73,31.0,98.0
2109551,Ribamar Fiquene,2427,0.83469,37.97,31.0,104.24
2111250,São José dos Basílios,2108,0.75315,43.45,31.0,103.36
2112209,Timon,54199,0.88325,33.05,31.0,93.27
3132107,Itacarambi,5336,0.85086,48.14,31.0,100.37
3161106,São Francisco,16489,0.87492,46.56,31.0,101.4
3102407,Alvorada de Minas,1366,0.86961,42.94,31.0,102.19
3164209,São Romão,2956,0.89855,47.06,31.0,104.38
3140852,Matias Cardoso,2885,0.8055,38.48,31.0,101.34
3108552,Brasilândia de Minas,5255,0.92774,38.11,31.0,103.94
3146255,Padre Carvalho,1637,0.79903,44.13,31.0,97.04
3102852,Angelândia,2607,0.81353,45.3,31.0,97.09
3112703,Capitão Enéas,4573,0.86927,42.32,31.0,100.34
3122355,Divisa Alegre,2173,0.83472,42.02,31.0,95.15
3157708,Santa Juliana,5379,0.93685,33.67,31.0,104.79
3162104,São Gotardo,14386,0.94588,41.45,31.0,100.98
3164605,São Sebastião do Oeste,3095,0.93183,48.12,31.0,106.25
5007208,Rio Brilhante,13140,0.93648,29.46,31.0,101.07
5003207,Corumbá,30096,0.95351,38.89,31.0,98.17
5002407,Caarapó,10662,0.92014,34.6,31.0,99.41
5004502,Itaporã,8358,0.92246,40.4,31.0,97.26
5007109,Ribas do Rio Pardo,7796,0.93514,26.55,31.0,104.92
5006002,Nova Alvorada do Sul,7788,0.93607,24.45,31.0,99.0
5106752,Pontes e Lacerda,18304,0.93287,29.61,31.0,101.86
5100201,Água Boa,10343,0.94408,29.96,31.0,109.31
5104542,Itanhangá,2552,0.93659,27.09,31.0,113.51
5106778,Porto Alegre do Norte,4070,0.91927,34.07,31.0,107.3
5105580,Marcelândia,3830,0.93318,30.64,31.0,106.67
5101852,Bom Jesus do Araguaia,2474,0.93596,28.0,31.0,108.9
5108857,Nova Marilândia,1241,0.91976,32.52,31.0,107.47
5106307,Paranatinga,9142,0.93063,27.95,31.0,113.12
5106232,Nova Olímpia,5745,0.89208,30.7,31.0,106.02
5103361,Conquista D'Oeste,1332,0.91002,35.65,31.0,100.96
5108303,União do Sul,1320,0.90778,25.66,31.0,110.07
5105176,Juruena,3619,0.91169,30.24,31.0,106.95
5103304,Comodoro,6428,0.91467,30.38,31.0,104.26
1502400,Castanhal,63783,0.94126,33.27,31.0,92.74
1502905,Curuçá,12131,0.93154,43.07,31.0,101.11
1506351,Santa Bárbara do Pará,6801,0.91843,33.33,31.0,98.9
1506906,Santarém Novo,1961,0.88284,42.34,31.0,110.1
1502608,Colares,3995,0.9221,40.03,31.0,100.37
1507474,São João de Pirabas,6553,0.83788,40.6,31.0,106.25
1505551,Pau D'Arco,2225,0.83631,34.87,31.0,105.3
1501501,Benevides,20497,0.94441,30.82,31.0,96.7
1501576,Bom Jesus do Tocantins,5108,0.87909,29.89,31.0,124.05
1507003,Santo Antônio do Tauá,8807,0.91181,36.15,31.0,100.43
1503200,Igarapé-Açu,11529,0.87753,40.18,31.0,98.54
1504307,Maracanã,7716,0.9065,45.03,31.0,104.83
1507961,Terra Alta,3355,0.90767,38.84,31.0,103.8
2511608,Pilões,2084,0.71484,44.98,31.0,97.65
2513158,Santa Cecília,2622,0.74375,46.29,31.0,102.37
2512788,Riacho de Santo Antônio,657,0.78975,39.72,31.0,103.01
2506707,Imaculada,3408,0.78722,45.37,31.0,101.75
2515401,São Vicente do Seridó,3405,0.82345,45.7,31.0,100.1
2516706,Teixeira,5027,0.83017,43.33,31.0,94.17
2500577,Algodão de Jandaíra,968,0.70372,41.69,31.0,104.93
2509396,Maturéia,2305,0.7983,42.36,31.0,91.92
2507705,Juazeirinho,5410,0.82339,39.24,31.0,97.07
2508901,Mamanguape,14486,0.78527,38.91,31.0,95.15
2504603,Conde,8966,0.84092,31.43,31.0,97.28
2511707,Pilõezinhos,1737,0.73277,43.91,31.0,95.34
2508604,Lucena,3928,0.82595,35.27,31.0,97.64
2504900,Cruz do Espírito Santo,5362,0.73757,36.23,31.0,98.64
2601607,Belém do São Francisco,5621,0.82931,42.46,31.0,97.7
2612208,Salgueiro,20397,0.88025,38.61,31.0,93.4
2608206,Joaquim Nabuco,4378,0.7831,34.75,31.0,95.45
2608008,Jataúba,5766,0.74656,47.79,31.0,97.25
2608305,Jupi,5313,0.78289,42.66,31.0,95.37
2601409,Barreiros,13356,0.81445,35.33,31.0,91.49
2616506,Xexéu,3951,0.74166,35.31,31.0,95.37
2602407,Brejão,3049,0.75992,42.63,31.0,95.16
2606507,Iati,5674,0.7026,45.32,31.0,97.34
2613206,São João,7923,0.77387,41.87,31.0,95.96
2600401,Água Preta,8781,0.76616,39.13,31.0,93.64
2604403,Chã de Alegria,4384,0.81283,38.39,31.0,94.28
2603009,Cabrobó,9997,0.83025,37.36,31.0,93.46
2611507,Quipapá,6123,0.72039,45.05,31.0,94.85
2601300,Barra de Guabiraba,4052,0.74958,39.45,31.0,100.57
2602001,Bodocó,11130,0.76976,43.24,31.0,99.25
2602605,Brejo da Madre de Deus,17173,0.77196,38.02,31.0,96.31
2607950,Jaqueira,3262,0.77156,39.22,31.0,93.56
2604304,Cedro,3403,0.83093,42.54,31.0,99.09
2604700,Correntes,5159,0.76291,45.4,31.0,100.39
2205409,Joaquim Pires,4270,0.73314,43.1,31.0,104.84
2205458,Joca Marques,1629,0.69181,43.36,31.0,100.0
2210706,Simões,4566,0.76775,43.16,31.0,99.83
2203107,Cristino Castro,3298,0.82023,42.27,31.0,100.59
2209450,Santo Antônio dos Milagres,606,0.7804,43.73,31.0,97.6
2203230,Currais,1450,0.79393,45.48,31.0,111.69
2211100,União,14050,0.7702,47.07,31.0,98.81
2201739,Betânia do Piauí,2048,0.71356,40.25,31.0,103.6
2202505,Caracol,3322,0.70487,39.09,31.0,103.51
2200459,Alvorada do Gurguéia,1670,0.82521,40.95,31.0,105.24
2209757,São Gonçalo do Gurguéia,929,0.82111,43.63,31.0,106.81
2202703,Cocal,8943,0.73289,43.96,31.0,102.99
4104659,Carambeí,7903,0.96547,31.74,31.0,99.82
4100400,Almirante Tamandaré,40796,0.96483,31.6,31.0,97.09
4119301,Pinhão,10423,0.91017,38.93,31.0,99.81
4121752,Reserva do Iguaçu,2249,0.90603,34.75,31.0,101.88
4104105,Campo do Tenente,2460,0.94399,38.94,31.0,101.77
4119509,Piraquara,38035,0.95997,29.13,31.0,105.56
4110078,Imbaú,4751,0.90973,40.81,31.0,100.86
4117057,Nova Laranjeiras,4011,0.92104,43.05,31.0,103.57
2402600,Ceará-Mirim,24896,0.8402,39.41,31.0,98.56
2412559,São Miguel do Gostoso,3210,0.80874,35.84,31.0,103.32
2408953,Rio do Fogo,3128,0.80878,39.21,31.0,100.02
2406205,Lagoa d'Anta,2195,0.75621,40.41,31.0,102.0
2407500,Maxaranguape,3208,0.81588,42.01,31.0,100.8
2404507,Guamaré,4911,0.83964,29.99,31.0,96.39
2406601,Lagoa Salgada,2825,0.74911,44.26,31.0,99.02
2414407,Touros,10430,0.77919,38.94,31.0,102.26
2410900,Riachuelo,2345,0.79504,49.5,31.0,100.9
2401453,Baraúna,8870,0.79423,35.05,31.0,100.8
2408201,Nísia Floresta,9842,0.85912,38.76,31.0,116.41
2403608,Extremoz,20471,0.91384,24.72,31.0,95.18
2407807,Monte Alegre,7736,0.79381,44.1,31.0,97.52
2405108,Jandaíra,2092,0.77202,40.34,31.0,101.85
1100205,Porto Velho,151905,0.95641,29.54,31.0,96.76
1101492,São Francisco do Guaporé,5799,0.91855,29.6,31.0,103.24
1100452,Buritis,9905,0.92461,33.34,31.0,103.22
4213351,Ponte Alta do Norte,1063,0.92734,36.82,31.0,102.27
4209151,José Boiteux,1878,0.96198,41.16,31.0,104.48
4215455,Sangão,4251,0.96367,31.48,31.0,101.98
4205456,Forquilhinha,10857,0.97125,32.77,31.0,99.96
4209706,Lebon Régis,3874,0.91953,39.25,31.0,103.55
2802205,Feira Nova,2120,0.76707,40.52,31.0,95.13
2803203,Itaporanga d'Ajuda,12179,0.82221,36.77,31.0,95.52
2801306,Capela,10837,0.79759,38.81,31.0,93.11
2805604,Porto da Folha,9167,0.77662,39.89,31.0,101.9
2806503,Santa Rosa de Lima,1365,0.78688,39.83,31.0,101.59
2804508,Nossa Senhora da Glória,14291,0.80751,36.49,31.0,95.13
2803609,Laranjeiras,7833,0.87086,30.44,31.0,91.95
2803401,Japoatã,4575,0.76939,37.31,31.0,101.7
2801108,Canhoba,1268,0.7603,42.04,31.0,106.71
2803807,Malhada dos Bois,1197,0.82813,33.33,31.0,99.5
2806107,Rosário do Catete,3148,0.86968,31.7,31.0,87.89
2804003,Maruim,5251,0.87278,32.78,31.0,92.47
2807204,Siriri,2708,0.82211,39.53,31.0,96.39
2807303,Telha,1117,0.78594,35.32,31.0,95.58
2800506,Areia Branca,6149,0.81198,37.88,31.0,101.82
3516309,Francisco Morato,57668,0.94876,35.1,31.0,95.7
3532827,Nova Campina,2920,0.92229,36.96,31.0,99.51
3515152,Engenheiro Coelho,6884,0.94255,38.56,31.0,100.64
3540853,Pracinha,541,0.95974,90.95,31.0,250.27
1703826,Cachoeirinha,638,0.85246,41.45,31.0,114.08
1703057,Bandeirantes do Tocantins,1161,0.88859,33.83,31.0,110.83
1707009,Dianópolis,5817,0.89828,37.07,31.0,101.05
1714880,Nova Olinda,3517,0.87664,42.39,31.0,108.05
1715101,Novo Acordo,1330,0.90528,39.68,31.0,102.09
1718204,Porto Nacional,21365,0.93536,34.53,31.0,98.45
1702158,Araguanã,1468,0.87331,38.28,31.0,104.36
2704401,Major Isidoro,5880,0.72452,47.34,32.0,94.48
2704708,Marechal Deodoro,19623,0.86528,33.58,32.0,93.8
2704609,Maravilha,3205,0.72134,44.29,32.0,98.38
2702009,Coité do Nóia,3609,0.71666,46.63,32.0,98.93
2703908,Jundiá,1367,0.72304,38.52,32.0,100.2
2703502,Jacuípe,1751,0.75875,37.37,32.0,100.22
2706703,Penedo,19611,0.82047,40.73,32.0,91.26
2701506,Campo Grande,2655,0.67422,47.13,32.0,98.03
2701209,Cacimbinhas,3581,0.70029,45.47,32.0,95.16
2702207,Coqueiro Seco,1859,0.81464,42.08,32.0,96.38
2700300,Arapiraca,77704,0.84744,39.16,32.0,89.62
2704005,Junqueiro,8022,0.74903,46.38,32.0,94.68
2703205,Igreja Nova,7097,0.72016,43.05,32.0,98.05
2708204,São Brás,2129,0.74661,43.78,32.0,93.88
2901155,América Dourada,5148,0.82511,45.59,32.0,101.64
2915353,Itaguaçu da Bahia,4088,0.80955,42.99,32.0,104.88
2929909,Seabra,15891,0.89172,47.59,32.0,95.07
2925253,Ponto Novo,6302,0.80751,48.38,32.0,97.69
2902807,Barra da Estiva,8633,0.86269,42.3,32.0,101.81
2922003,Mucuri,13376,0.87212,35.7,32.0,98.09
2905305,Cafarnaum,5814,0.83578,42.22,32.0,102.13
2914604,Irecê,25983,0.91692,37.52,32.0,92.15
2927705,Santa Cruz Cabrália,10434,0.8881,36.07,32.0,98.35
2901700,Antônio Cardoso,3438,0.79402,50.35,32.0,94.45
2916856,Itatim,5542,0.83354,41.92,32.0,95.32
2902104,Araci,16939,0.73158,50.24,32.0,99.56
2916500,Itapicuru,11341,0.71182,47.62,32.0,102.49
2915007,Itaeté,4536,0.78986,50.57,32.0,100.03
2923001,Nova Viçosa,13677,0.86528,40.25,32.0,96.43
2931202,Taperoá,6308,0.80532,39.8,32.0,99.36
2932804,Utinga,5926,0.83336,47.55,32.0,98.28
2913200,Ibotirama,9147,0.86818,44.42,32.0,96.07
2906006,Campo Formoso,24287,0.81533,45.68,32.0,98.92
2920452,Mansidão,3572,0.88602,46.79,32.0,105.96
2933505,Wenceslau Guimarães,8317,0.75066,36.98,32.0,102.85
2923704,Paratinga,9008,0.81316,45.98,32.0,100.93
2924678,Piraí do Norte,3218,0.81495,36.38,32.0,105.16
2905503,Caldeirão Grande,4290,0.78886,51.19,32.0,97.61
2907905,Cipó,5711,0.81779,43.54,32.0,95.17
2928406,Santa Rita de Cássia,9133,0.83933,48.06,32.0,104.63
2923506,Palmeiras,3592,0.91148,47.32,32.0,97.54
2928802,Santo Estêvão,17409,0.84872,43.68,32.0,90.22
2917334,Iuiú,3501,0.80027,45.55,32.0,101.85
2922656,Nordestina,5719,0.78463,43.66,32.0,100.79
2906808,Cansanção,12743,0.79806,51.27,32.0,101.13
2913457,Igrapiúna,4484,0.80611,39.06,32.0,106.1
2909208,Coronel João Sá,6026,0.68298,49.25,32.0,105.17
2923902,Pau Brasil,3294,0.82169,47.09,32.0,102.55
2905909,Campo Alegre de Lourdes,10093,0.79355,45.55,32.0,102.45
2902906,Barra do Choça,12260,0.77711,45.06,32.0,97.03
2302800,Canindé,25279,0.80761,51.2,32.0,97.25
2301950,Barreira,7572,0.79954,45.73,32.0,97.77
2303709,Caucaia,120668,0.91579,33.08,32.0,93.19
2309102,Mulungu,3332,0.84495,50.43,32.0,99.15
2304251,Cruz,10352,0.84757,41.59,32.0,97.38
2311405,Quixeramobim,28609,0.82227,52.26,32.0,96.96
2312106,Santana do Cariri,5630,0.77195,49.23,32.0,101.07
2307106,Jardim,8745,0.7899,52.25,32.0,95.6
2306306,Itapagé,15629,0.81662,42.59,32.0,96.26
2303006,Caridade,5354,0.77471,47.42,32.0,99.87
2302602,Camocim,20367,0.8103,41.59,32.0,94.62
2302107,Baturité,11850,0.83615,48.06,32.0,96.74
2301406,Aratuba,3579,0.82788,50.56,32.0,100.36
2309607,Pacajus,24053,0.86118,39.22,32.0,93.93
2307650,Maracanaú,79675,0.92787,36.22,32.0,92.37
2305308,Ibiapina,7898,0.80602,50.37,32.0,98.32
2308203,Meruoca,4824,0.836,51.71,32.0,100.6
2311108,Porteiras,5565,0.78896,54.5,32.0,99.63
2305001,Guaraciaba do Norte,13494,0.78868,49.45,32.0,98.66
2303204,Caririaçu,8814,0.76887,52.4,32.0,95.89
2311306,Quixadá,28971,0.82595,47.06,32.0,94.63
2310258,Paraipaba,10786,0.85803,43.24,32.0,99.07
2304350,Forquilha,8102,0.81897,47.09,32.0,98.03
2303931,Choró,3997,0.75016,51.74,32.0,103.51
2312908,Sobral,68018,0.87121,40.35,32.0,93.17
2307635,Madalena,5603,0.79087,53.33,32.0,101.0
2303402,Carnaubal,5722,0.78468,48.92,32.0,98.34
2308104,Mauriti,14873,0.75849,48.47,32.0,98.11
3203056,Jaguaré,10251,0.90075,37.77,32.0,99.59
5200605,Alto Paraíso de Goiás,3626,0.94049,30.2,32.0,98.96
5221403,Trindade,50654,0.94136,36.11,32.0,95.21
5200555,Alto Horizonte,2161,0.93721,32.92,32.0,100.79
5201405,Aparecida de Goiânia,186221,0.96326,31.9,32.0,96.21
5215603,Padre Bernardo,12087,0.9041,39.65,32.0,101.04
5205307,Cavalcante,3485,0.84235,40.92,32.0,105.86
5209903,Iaciara,3557,0.87717,42.3,32.0,102.37
5218052,Porteirão,1482,0.90118,32.94,32.0,106.39
5222054,Vicentinópolis,3144,0.90866,38.15,32.0,105.29
5218300,Posse,11972,0.90615,32.54,32.0,99.22
5218805,Rio Verde,80451,0.95327,33.34,32.0,100.45
5213756,Montividiu,4424,0.92203,32.89,32.0,103.59
5208004,Formosa,40745,0.94292,34.93,32.0,97.64
2111003,São João Batista,5903,0.81738,46.81,32.0,99.68
2101806,Benedito Leite,1756,0.78439,47.04,32.0,105.68
2101509,Barão de Grajaú,6226,0.83475,45.1,32.0,98.95
2111953,Sucupira do Riachão,1566,0.76194,51.13,32.0,103.8
2100709,Anajatuba,8159,0.78023,44.48,32.0,103.47
2110906,São Francisco do Maranhão,3808,0.74844,51.69,32.0,102.79
2113009,Vitorino Freire,9768,0.76603,43.96,32.0,98.33
2106003,Lima Campos,3659,0.78293,47.7,32.0,95.42
2107704,Paraibano,5883,0.76381,45.19,32.0,97.13
2102804,Carolina,7811,0.87746,46.46,32.0,103.64
2111706,São Vicente Ferrer,6243,0.78724,43.32,32.0,100.66
2101939,Bernardo do Mearim,1803,0.82328,45.29,32.0,99.79
2111052,São João do Paraíso,3207,0.86646,42.82,32.0,107.63
3171204,Vespasiano,45984,0.96422,35.26,32.0,93.72
3120870,Curral de Dentro,2441,0.82657,51.7,32.0,101.3
3143153,Monte Formoso,1454,0.79844,59.91,32.0,109.82
3111408,Campo Florido,3032,0.92526,38.87,32.0,107.2
3170750,Varjão de Minas,2478,0.94099,36.99,32.0,107.78
3112307,Capelinha,14149,0.87502,41.39,32.0,97.62
3165578,Senador Amaral,2091,0.92466,36.94,32.0,107.0
3149705,Perdigão,4467,0.93878,41.42,32.0,101.02
3148756,Pedra Bonita,2365,0.88844,42.76,32.0,106.43
3154507,Riacho dos Machados,2761,0.84399,52.18,32.0,101.8
3166808,Serra do Salitre,4018,0.94445,35.75,32.0,101.11
3126208,Formoso,2737,0.85679,44.95,32.0,111.58
3132305,Itaipé,3497,0.7976,44.42,32.0,95.31
3123700,Engenheiro Caldas,4718,0.87901,39.18,32.0,91.51
3147006,Paracatu,32736,0.95244,40.75,32.0,98.04
3136579,Josenópolis,1232,0.81691,50.26,32.0,104.85
3170008,Ubaí,3598,0.87042,53.99,32.0,101.86
3101003,Águas Vermelhas,4185,0.81432,53.29,32.0,103.49
3140902,Matipó,6209,0.87974,47.2,32.0,97.38
3166501,Serra Azul de Minas,1251,0.7769,58.83,32.0,96.07
3162559,São João do Manhuaçu,3922,0.9098,39.25,32.0,102.16
3157658,Santa Helena de Minas,1925,0.79147,47.03,32.0,98.0
3125101,Extrema,18330,0.96384,45.16,32.0,100.95
3162922,São Joaquim de Bicas,10617,0.93478,39.98,32.0,114.19
5003702,Dourados,85947,0.95969,40.49,32.0,96.86
5007901,Sidrolândia,16548,0.93724,39.38,32.0,101.36
5003488,Dois Irmãos do Buriti,3637,0.90446,42.52,32.0,112.16
5002100,Bela Vista,7231,0.92735,48.5,32.0,100.05
5007935,Sonora,5241,0.91809,27.75,32.0,105.17
5003256,Costa Rica,9394,0.93351,33.28,32.0,103.02
5005152,Juti,2385,0.89235,38.91,32.0,96.81
5005400,Maracaju,15753,0.95599,30.64,32.0,102.46
5007695,São Gabriel do Oeste,10670,0.95735,33.29,32.0,100.41
5106190,Nova Santa Helena,1506,0.91,37.26,32.0,106.78
5104609,Itiquira,4293,0.93528,32.77,32.0,104.24
5107180,Ribeirão Cascalheira,3504,0.91649,34.01,32.0,103.37
5104559,Itaúba,1741,0.89914,34.2,32.0,106.08
5106265,Novo Mundo,2225,0.94699,33.46,32.0,109.24
5100409,Alto Garças,4583,0.9413,39.76,32.0,109.54
5106182,Nova Lacerda,2360,0.8995,29.79,32.0,111.48
5107859,São Félix do Araguaia,4639,0.91679,35.44,32.0,116.69
5102694,Canabrava do Norte,1567,0.91087,37.18,32.0,110.27
5107958,Tangará da Serra,38055,0.94416,34.16,32.0,98.53
5101704,Barra do Bugres,10550,0.90704,37.43,32.0,103.28
5105101,Juara,12121,0.93071,33.36,32.0,104.66
5107602,Rondonópolis,86838,0.9544,35.23,32.0,98.92
5103379,Cotriguaçu,3885,0.91775,28.25,32.0,109.69
5105150,Juína,16708,0.93163,37.36,32.0,102.68
5104104,Guarantã do Norte,10908,0.94027,36.87,32.0,101.68
5103502,Diamantino,7504,0.93617,33.54,32.0,102.67
5108402,Várzea Grande,103287,0.95519,32.11,32.0,97.02
1506104,Primavera,3528,0.86478,44.62,32.0,102.1
1507466,São João da Ponta,1456,0.90833,44.78,32.0,106.72
1502202,Capanema,23060,0.90062,40.35,32.0,95.3
1507102,São Caetano de Odivelas,5177,0.91007,44.49,32.0,103.42
1506112,Quatipuru,3649,0.81625,40.64,32.0,103.03
1506609,Santa Maria do Pará,8460,0.84046,39.0,32.0,97.36
1508209,Vigia,15791,0.91595,39.88,32.0,102.22
1502707,Conceição do Araguaia,15172,0.89502,45.31,32.0,101.64
1504109,Magalhães Barata,2495,0.91895,44.69,32.0,104.72
1506161,Rio Maria,6503,0.87816,38.73,32.0,102.85
1506187,Rondon do Pará,15285,0.8954,33.57,32.0,106.08
2507903,Juripiranga,3316,0.72904,47.93,32.0,96.04
2514453,São José dos Ramos,1956,0.69281,44.93,32.0,102.16
2501351,Assunção,1395,0.81007,44.77,32.0,98.66
2513703,Santa Rita,49517,0.85624,35.06,32.0,92.61
2505709,Dona Inês,3581,0.71882,54.47,32.0,100.54
2512408,Puxinanã,4802,0.85248,47.09,32.0,98.98
2509008,Manaíra,3577,0.7337,48.38,32.0,100.23
2500403,Alagoa Nova,6993,0.78214,46.59,32.0,97.27
2505204,Cuitegi,2198,0.75704,45.41,32.0,97.71
2502052,Bernardino Batista,1124,0.75633,47.32,32.0,96.52
2507101,Itapororoca,6058,0.72787,49.36,32.0,99.93
2500502,Alagoinha,4425,0.73455,46.77,32.0,96.38
2502409,Bonito de Santa Fé,3349,0.79429,47.6,32.0,99.34
2512002,Pocinhos,5759,0.81486,50.68,32.0,99.51
2509339,Matinhas,1488,0.76535,43.65,32.0,101.37
2512507,Queimadas,16565,0.842,46.97,32.0,97.37
2513505,Santana de Mangueira,1616,0.72856,57.75,32.0,101.2
2500536,Alcantil,1999,0.80219,46.47,32.0,100.22
2606101,Glória do Goitá,10182,0.77897,45.1,32.0,95.18
2601706,Belo Jardim,29197,0.82073,45.44,32.0,92.53
2614006,Serrita,5578,0.79369,48.85,32.0,100.43
2615102,Terezinha,2153,0.7201,49.09,32.0,98.87
2616001,Venturosa,5797,0.80083,45.41,32.0,95.17
2608800,Lajedo,13932,0.81947,47.52,32.0,91.08
2615003,Taquaritinga do Norte,8905,0.83692,45.93,32.0,95.54
2616100,Verdejante,2958,0.81078,51.97,32.0,97.52
2605301,Exu,10157,0.79081,49.76,32.0,96.88
2602308,Bonito,13257,0.78791,46.43,32.0,95.29
2612455,Santa Cruz,4366,0.79103,53.11,32.0,103.75
2604205,Catende,10858,0.78703,43.98,32.0,91.9
2608255,Jucati,3812,0.77061,47.3,32.0,97.45
2611408,Primavera,4490,0.81133,38.01,32.0,99.6
2610806,Pedra,7725,0.7558,45.24,32.0,102.75
2607802,Itaquitinga,5143,0.78351,38.86,32.0,112.97
2613107,São Caitano,13465,0.77063,46.51,32.0,94.63
2616209,Vertentes,7860,0.80581,46.89,32.0,97.47
2612471,Santa Cruz da Baixa Verde,3982,0.8247,47.45,32.0,95.39
2602100,Bom Conselho,15188,0.74453,51.21,32.0,91.57
2612901,São Benedito do Sul,3851,0.69167,41.54,32.0,97.72
2605905,Gameleira,6189,0.7625,39.15,32.0,96.7
2607505,Itaíba,10727,0.70338,43.71,32.0,99.65
2613800,São Vicente Ferrer,5669,0.769,43.41,32.0,95.95
2604155,Casinhas,4210,0.75297,53.06,32.0,98.58
2607653,Itambé,11542,0.75221,43.68,32.0,95.83
2603702,Canhotinho,7838,0.75408,49.58,32.0,108.8
2604106,Caruaru,138486,0.89187,40.45,32.0,88.9
2600203,Afrânio,5813,0.81881,47.85,32.0,99.27
2609105,Machados,3841,0.78683,47.05,32.0,91.47
2612406,Sanharó,6603,0.79228,47.96,32.0,94.36
2613503,São José do Belmonte,11524,0.80229,49.99,32.0,96.7
2601201,Arcoverde,27693,0.87666,44.19,32.0,89.07
2608404,Jurema,4791,0.72796,52.86,32.0,96.12
2603801,Capoeiras,6031,0.75467,48.58,32.0,98.55
2606309,Granito,2257,0.79915,50.69,32.0,101.07
2610608,Paudalho,18912,0.83718,38.55,32.0,94.4
2612703,Santa Maria do Cambucá,4940,0.75223,50.31,32.0,96.87
2613909,Serra Talhada,32415,0.84539,43.57,32.0,89.95
2604601,Condado,8301,0.80941,45.4,32.0,91.56
2610202,Panelas,8199,0.70626,55.09,32.0,94.46
2206308,Miguel Leão,406,0.79207,47.54,32.0,100.0
2207801,Paulistana,7306,0.77186,47.07,32.0,92.6
2201051,Assunção do Piauí,2352,0.68701,40.94,32.0,103.89
2209807,São Gonçalo do Piauí,1568,0.79201,44.52,32.0,99.79
2203008,Cristalândia do Piauí,2301,0.79274,47.99,32.0,110.71
2205557,Lagoa Alegre,2533,0.7746,50.74,32.0,102.85
2210003,São João do Piauí,7165,0.82989,44.02,32.0,96.06
2201309,Barreiras do Piauí,1011,0.83825,49.79,32.0,106.98
2203420,Domingos Mourão,1318,0.76452,47.4,32.0,104.47
2202729,Cocal dos Alves,2207,0.69245,42.47,32.0,98.82
2204659,Ilha Grande,2778,0.80168,44.33,32.0,101.74
2202554,Caridade do Piauí,1607,0.75146,46.37,32.0,103.68
2206670,Morro do Chapéu do Piauí,2078,0.72257,47.01,32.0,103.19
2202539,Caraúbas do Piauí,1909,0.68737,48.81,32.0,102.66
2210623,Sebastião Barros,982,0.81077,42.95,32.0,111.91
2201200,Barras,14533,0.75037,43.92,32.0,100.66
2205573,Lagoa de São Francisco,1996,0.75882,51.02,32.0,97.35
2210508,São Pedro do Piauí,4400,0.76656,47.79,32.0,96.89
2205706,Luís Correia,9387,0.77579,43.83,32.0,102.57
2208858,Riacho Frio,1292,0.83488,39.13,32.0,111.1
2206654,Morro Cabeça no Tempo,1375,0.80779,42.24,32.0,112.79
2210607,São Raimundo Nonato,13117,0.85818,40.67,32.0,97.1
2211357,Várzea Branca,1657,0.73498,44.37,32.0,103.01
2203701,Esperantina,13333,0.78036,46.77,32.0,97.18
2203206,Curimatá,3644,0.87406,48.02,32.0,101.97
2208551,Porto Alegre do Piauí,768,0.79514,47.56,32.0,106.82
2205524,Júlio Borges,1705,0.86596,48.21,32.0,113.3
2205565,Lagoa do Barro do Piauí,1622,0.78918,50.0,32.0,107.78
2207504,Palmeirais,4296,0.75796,47.77,32.0,97.88
2203750,Fartura do Piauí,1743,0.74231,49.12,32.0,107.3
2207751,Passagem Franca do Piauí,1218,0.7449,47.94,32.0,100.83
2206720,Nazária,3258,0.76419,45.72,32.0,100.55
2201770,Boa Hora,2082,0.7166,44.36,32.0,105.42
2203305,Demerval Lobão,5460,0.85436,43.76,32.0,94.48
2202000,Buriti dos Lopes,6185,0.76544,43.71,32.0,100.04
2209872,São João da Fronteira,1880,0.73186,45.62,32.0,97.28
4115754,Mauá da Serra,3301,0.91396,34.45,32.0,100.49
4106456,Coronel Domingos Soares,2006,0.89403,38.36,32.0,111.89
4104907,Castro,25030,0.95002,40.92,32.0,97.19
4126256,Sarandi,42848,0.95921,38.92,32.0,95.87
4110102,Imbituva,10314,0.95768,41.27,32.0,100.28
3302270,Japeri,32110,0.94422,38.72,32.0,105.57
2407708,Montanhas,3771,0.77886,49.29,32.0,96.5
2410108,Poço Branco,3841,0.76942,48.1,32.0,103.28
2409332,Santa Maria,1630,0.78764,50.68,32.0,101.96
2413904,Taipu,3643,0.74573,49.82,32.0,102.41
2403509,Espírito Santo,3557,0.7271,53.08,32.0,103.21
2409803,Pedro Velho,4496,0.78059,48.38,32.0,98.68
2414159,Tenente Laurentino Cruz,1977,0.8176,40.86,32.0,98.08
2401206,Arês,4260,0.79031,39.86,32.0,97.07
2412005,São Gonçalo do Amarante,39827,0.89823,32.63,32.0,94.4
2401859,Caiçara do Norte,1976,0.82375,38.71,32.0,104.58
2407104,Macaíba,28190,0.84594,37.48,32.0,95.91
2404101,Galinhos,624,0.78403,31.56,32.0,103.48
2410256,Porto do Mangue,1737,0.76099,39.53,32.0,104.14
2404606,Ielmo Marinho,3873,0.7481,45.57,32.0,104.67
2412203,São José de Mipibu,15663,0.8361,38.3,32.0,96.75
2414209,Tibau do Sul,5985,0.88143,31.34,32.0,96.85
2406304,Lagoa de Pedras,2575,0.70968,52.89,32.0,100.11
2414803,Vera Cruz,3553,0.76597,48.61,32.0,98.25
1100130,Machadinho D'Oeste,10841,0.91651,33.76,32.0,109.0
1100122,Ji-Paraná,45016,0.94371,39.06,32.0,96.81
1100304,Vilhena,34975,0.95245,33.52,32.0,96.91
1100023,Ariquemes,34768,0.94084,34.61,32.0,98.25
1100320,São Miguel do Guaporé,7884,0.92676,36.71,32.0,103.49
1101500,Seringueiras,3951,0.9273,36.73,32.0,105.16
4318622,São José dos Ausentes,1459,0.96118,39.78,32.0,108.08
4301875,Barra do Quaraí,1462,0.95752,37.7,32.0,106.07
4319737,São Valério do Sul,826,0.90708,59.24,32.0,107.76
4217006,São Ludgero,4660,0.97608,36.55,32.0,103.27
4206504,Guaramirim,16304,0.97797,32.57,32.0,100.42
4203204,Camboriú,36483,0.97851,28.32,32.0,97.41
4218004,Tijucas,18229,0.96836,37.88,32.0,99.3
4205803,Garuva,6213,0.95493,36.38,32.0,103.9
4218301,Três Barras,6573,0.95563,36.82,32.0,100.67
4215505,Santa Cecília,5385,0.94182,36.3,32.0,98.14
4204202,Chapecó,92905,0.97289,38.56,32.0,98.78
2802304,Frei Paulo,5066,0.79685,46.46,32.0,93.19
2804300,Muribeca,2775,0.79913,40.4,32.0,92.66
2802908,Itabaiana,37878,0.84001,42.81,32.0,92.08
2800605,Barra dos Coqueiros,14525,0.93937,29.16,32.0,91.83
2806701,São Cristóvão,33252,0.91094,31.68,32.0,95.59
2805307,Pirambu,2629,0.86628,38.92,32.0,97.68
3541059,Pratânia,1750,0.91479,41.05,32.0,100.16
3539103,Pirapora do Bom Jesus,6100,0.95385,32.26,32.0,98.4
3542503,Reginópolis,2142,0.93404,86.4,32.0,162.31
3553856,Taquarivaí,2332,0.93622,39.92,32.0,103.49
3502754,Araçariguama,7399,0.94931,38.66,32.0,100.6
3543006,Ribeirão Branco,6565,0.90897,40.08,32.0,103.62
3508009,Buri,6972,0.9387,40.89,32.0,100.71
3522505,Itapevi,81808,0.96305,31.82,32.0,95.05
3546702,Santa Gertrudes,8141,0.96791,41.68,32.0,101.67
3523107,Itaquaquecetuba,122134,0.95301,32.67,32.0,95.39
3522653,Itapirapuã Paulista,1559,0.90094,43.36,32.0,107.22
1712454,Luzinópolis,870,0.86969,38.93,32.0,103.83
1713957,Muricilândia,1178,0.86184,42.1,32.0,107.58
1705607,Conceição do Tocantins,1295,0.83453,46.23,32.0,102.03
1718550,Riachinho,1259,0.84317,43.43,32.0,107.98
1716109,Paraíso do Tocantins,18289,0.94896,37.11,32.0,97.98
1715507,Oliveira de Fátima,398,0.88668,36.69,32.0,100.0
1717503,Pium,2374,0.86583,38.92,32.0,106.61
1718907,Santa Rosa do Tocantins,1566,0.86056,43.61,32.0,107.72
1703883,Carmolândia,747,0.86071,42.99,32.0,98.47
1716307,Pau D'Arco,1372,0.86379,36.7,32.0,109.81
1703909,Caseara,1629,0.89384,38.83,32.0,109.46
1712504,Marianópolis do Tocantins,1594,0.91399,37.55,32.0,112.87
1717909,Ponte Alta do Tocantins,2498,0.87104,41.76,32.0,113.75
1722081,Wanderlândia,3537,0.86387,40.8,32.0,101.26
1722107,Xambioá,3510,0.8638,38.64,32.0,100.59
1713809,Palmeiras do Tocantins,1553,0.84624,44.7,32.0,104.79
2701001,Boca da Mata,7023,0.77081,50.47,34.0,92.45
2706604,Paulo Jacinto,2291,0.74894,56.04,34.0,95.66
2705309,Minador do Negrão,1621,0.67478,57.6,34.0,96.39
2707008,Pindoba,829,0.76639,48.85,34.0,101.4
2703106,Igaci,8423,0.71006,52.06,34.0,95.73
2706307,Palmeira dos Índios,24453,0.81173,51.28,34.0,91.21
2709004,Tanque d'Arca,2063,0.70264,55.06,34.0,93.01
2912806,Ibirapuã,3219,0.84296,56.76,34.0,100.95
2911402,Glória,5408,0.78221,45.86,34.0,96.28
2905701,Camaçari,109948,0.94595,32.04,34.0,92.42
2909307,Correntina,11278,0.81207,53.35,34.0,100.55
2917805,Jaguaripe,6380,0.80831,50.54,34.0,99.76
2930501,Serrinha,28893,0.87378,47.28,34.0,91.68
2918753,Lagoa Real,4373,0.78924,66.2,34.0,103.71
2918100,Jeremoabo,13560,0.73773,55.38,34.0,97.94
2926608,Ribeira do Pombal,19303,0.81994,55.79,34.0,95.41
2929305,São Gonçalo dos Campos,13404,0.90026,42.89,34.0,89.41
2914703,Itaberaba,23503,0.87869,49.71,34.0,93.3
2903953,Bom Jesus da Serra,3170,0.7757,66.91,34.0,106.67
2928109,Santa Maria da Vitória,13252,0.81647,53.9,34.0,99.72
2903805,Boa Vista do Tupim,5925,0.75987,56.93,34.0,102.85
2921302,Milagres,3986,0.81872,57.05,34.0,95.05
2928703,Santo Antônio de Jesus,38249,0.91763,42.93,34.0,87.47
2932200,Ubaitaba,6493,0.84084,52.45,34.0,92.62
2901007,Amargosa,13442,0.84763,60.81,34.0,92.72
2903607,Biritinga,5358,0.78084,56.51,34.0,101.04
2908408,Conceição do Coité,24342,0.85829,50.47,34.0,94.2
2930907,Tabocas do Brejo Velho,3919,0.78118,58.12,34.0,106.39
2921005,Mata de São João,15325,0.91052,40.45,34.0,91.53
2916302,Itapebi,3310,0.772,49.5,34.0,102.25
2908903,Coração de Maria,8932,0.843,57.39,34.0,92.65
2911204,Gandu,11898,0.85504,44.16,34.0,95.66
2917508,Jacobina,30907,0.87299,50.46,34.0,91.51
2923803,Paripiranga,9664,0.77098,65.89,34.0,96.24
2927507,Santa Bárbara,7281,0.81946,55.51,34.0,96.9
2918506,Jussara,5560,0.79216,53.03,34.0,105.35
2910701,Euclides da Cunha,21720,0.78362,60.45,34.0,99.53
2915601,Itamaraju,21747,0.84297,49.02,34.0,97.14
2925105,Poções,16865,0.80913,62.83,34.0,95.15
2917300,Ituberá,8039,0.83531,51.48,34.0,93.72
2905602,Camacan,8288,0.83881,54.75,34.0,94.83
2910008,Dário Meira,3793,0.74197,57.39,34.0,107.6
2913804,Ipecaetá,4102,0.78836,62.9,34.0,94.76
2923100,Olindina,8327,0.77755,54.33,34.0,94.88
2926004,Remanso,13337,0.79547,51.81,34.0,99.47
2920908,Mascote,4797,0.79469,61.45,34.0,101.25
2929255,São Gabriel,6409,0.84971,54.04,34.0,103.21
2900355,Adustina,5207,0.72075,63.63,34.0,99.12
2921401,Mirangaba,5576,0.80876,54.66,34.0,99.75
2932705,Uruçuca,7856,0.81416,48.83,34.0,97.36
2916609,Itapitanga,3028,0.80875,52.74,34.0,102.22
2927200,Ruy Barbosa,10131,0.81984,59.67,34.0,91.57
2901809,Antônio Gonçalves,3548,0.83677,54.77,34.0,100.15
2917607,Jaguaquara,15915,0.80728,51.89,34.0,93.33
2905206,Caetité,17668,0.84546,63.12,34.0,96.47
2908200,Conceição da Feira,6923,0.8861,50.63,34.0,90.18
2919108,Lamarão,3131,0.74719,64.57,34.0,94.62
2932903,Valença,32290,0.8517,47.05,34.0,92.94
2901403,Angical,4546,0.81148,54.85,34.0,106.16
2910404,Encruzilhada,6763,0.7411,53.93,34.0,106.65
2922607,Nilo Peçanha,4292,0.78531,42.84,34.0,101.76
2914307,Iramaia,3684,0.83234,63.68,34.0,104.22
2923035,Novo Horizonte,3796,0.88011,60.35,34.0,103.02
2910800,Feira de Santana,221592,0.93402,43.11,34.0,87.17
2900306,Acajutiba,4768,0.81611,55.94,34.0,95.31
2909703,Cristópolis,4675,0.77791,57.15,34.0,105.42
2931053,Tanque Novo,5500,0.81155,58.36,34.0,99.3
2303501,Cascavel,25306,0.83861,52.77,34.0,95.72
2310852,Pindoretama,7999,0.84152,48.71,34.0,96.68
2305704,Ipaumirim,4072,0.80746,61.07,34.0,99.36
2312601,São Luís do Curu,3865,0.83201,55.96,34.0,93.42
2311207,Potengi,3133,0.74045,57.19,34.0,94.99
2310803,Pereiro,5281,0.79473,66.65,34.0,97.08
2312205,Santa Quitéria,13977,0.78868,62.44,34.0,99.0
2303105,Cariré,6137,0.76996,65.57,34.0,100.02
2306801,Jaguaribara,3361,0.79905,61.02,34.0,97.29
2301604,Assaré,7745,0.74367,69.54,34.0,98.04
2305100,Guaramiranga,1916,0.78626,57.62,34.0,100.0
2311801,Russas,26409,0.84547,53.49,34.0,94.56
2302701,Campos Sales,8972,0.77355,62.82,34.0,92.43
2302305,Bela Cruz,11009,0.80623,48.14,34.0,100.97
2311009,Poranga,4214,0.77501,59.08,34.0,101.05
2300903,Apuiarés,4548,0.79717,60.37,34.0,101.06
2307205,Jati,2620,0.7849,57.84,34.0,99.16
2311231,Potiretama,2131,0.77145,61.07,34.0,103.34
2307403,Jucás,8224,0.75765,62.93,34.0,96.26
2302404,Boa Viagem,18079,0.75663,64.85,34.0,98.55
2305357,Icapuí,7177,0.81953,49.59,34.0,101.17
2310100,Palmácia,3378,0.82224,58.14,34.0,100.2
2304459,Fortim,5938,0.80925,55.96,34.0,97.11
2304657,Graça,4832,0.73554,56.68,34.0,102.01
2301208,Aracoiaba,8711,0.76891,55.6,34.0,99.27
2304236,Croatá,6103,0.7358,58.32,34.0,99.71
2301109,Aracati,26020,0.84664,52.33,34.0,95.73
2303659,Catunda,3432,0.7713,63.88,34.0,100.23
2310308,Parambu,11134,0.74105,66.54,34.0,96.3
2311702,Reriutaba,6583,0.78265,60.88,34.0,102.46
2304905,Groaíras,4009,0.7976,64.83,34.0,98.11
2310407,Paramoti,3566,0.78252,62.46,34.0,102.18
5300108,Brasília,988191,0.97228,46.53,34.0,91.06
3203007,Iúna,10716,0.90312,49.9,34.0,97.44
3204302,Presidente Kennedy,5115,0.87366,51.61,34.0,99.5
3204906,São Mateus,45226,0.92782,46.58,34.0,97.48
3204559,Santa Maria de Jetibá,14711,0.93009,45.9,34.0,102.77
3202454,Ibatiba,9296,0.87909,51.75,34.0,100.06
3200607,Aracruz,32774,0.94999,42.07,34.0,97.95
3202652,Irupi,5025,0.89061,49.04,34.0,102.48
3204054,Pedro Canário,7801,0.87051,45.56,34.0,97.74
3205101,Viana,25552,0.94415,42.04,34.0,102.59
5220702,Sítio d'Abadia,1012,0.84458,48.01,34.0,115.38
5220504,Serranópolis,2944,0.92817,49.13,34.0,107.74
5219738,Santo Antônio de Goiás,2634,0.94682,42.07,34.0,94.83
5207907,Flores de Goiás,4313,0.89326,39.31,34.0,110.86
5204706,Campinorte,4635,0.94252,47.86,34.0,100.35
5214838,Nova Crixás,4685,0.87156,44.23,34.0,106.39
5209705,Hidrolândia,9707,0.94963,45.99,34.0,102.19
5220686,Simolândia,2002,0.85871,43.58,34.0,101.05
5221197,Terezópolis de Goiás,2820,0.92727,44.76,34.0,98.4
5208400,Goianápolis,4923,0.92915,40.13,34.0,100.68
5205513,Cocalzinho de Goiás,8982,0.90908,42.25,34.0,105.37
5205521,Colinas do Sul,1489,0.88289,45.69,34.0,106.99
5205109,Catalão,42424,0.96656,47.95,34.0,99.64
5201504,Aporé,1567,0.92797,40.25,34.0,106.05
2103109,Cedral,3206,0.86798,50.8,34.0,104.82
2108405,Peri Mirim,3782,0.84679,52.67,34.0,100.76
2110807,São Félix de Balsas,1415,0.77442,52.67,34.0,105.99
3144375,Natalândia,1299,0.90948,48.51,34.0,104.29
3162708,São João do Paraíso,7694,0.79354,63.65,34.0,98.29
3152006,Pompéu,11154,0.92672,55.51,34.0,97.65
3152131,Ponto Chique,1272,0.8509,49.94,34.0,104.31
3107307,Bocaiúva,16839,0.91942,51.48,34.0,97.51
3150158,Piedade de Caratinga,3187,0.88403,51.06,34.0,103.31
3136009,Joaíma,4681,0.78904,63.79,34.0,101.25
3136652,Juatuba,10650,0.94896,47.85,34.0,100.29
3130101,Igarapé,15895,0.95211,43.13,34.0,98.2
3149150,Pedras de Maria da Cruz,3497,0.8175,51.75,34.0,105.86
3158953,Santana do Paraíso,16720,0.96421,35.78,34.0,97.57
3106705,Betim,146858,0.96381,41.16,34.0,94.06
3100609,Água Boa,4467,0.77599,60.26,34.0,102.59
3135456,Jenipapo de Minas,2081,0.81668,55.02,34.0,96.9
3138674,Luisburgo,2436,0.8984,49.38,34.0,105.86
3148707,Pedra Azul,7450,0.86136,61.83,34.0,96.51
3152170,Ponto dos Volantes,3750,0.81045,63.71,34.0,104.41
3155603,Rio Pardo de Minas,9260,0.82176,54.01,34.0,103.1
3151206,Pirapora,19076,0.95301,50.24,34.0,95.14
3115458,Catuji,2489,0.81353,48.33,34.0,97.69
3157609,Santa Fé de Minas,1236,0.86091,55.04,34.0,110.77
3140530,Martins Soares,2997,0.88984,54.04,34.0,100.86
3161700,São Gonçalo do Abaeté,2691,0.90898,51.44,34.0,104.92
3102050,Alto Caparaó,2176,0.91001,58.66,34.0,101.22
3128907,Guimarânia,2922,0.93727,61.23,34.0,105.33
3167103,Serro,7317,0.8754,62.45,34.0,100.11
3120151,Crisólita,1890,0.76481,59.98,34.0,109.18
3140001,Mariana,21714,0.95466,50.15,34.0,94.6
3129707,Ibiraci,3810,0.92708,55.81,34.0,102.55
3106606,Bertópolis,1499,0.77428,55.35,34.0,107.7
3154150,Reduto,2790,0.91707,47.35,34.0,102.37
3125002,Ewbank da Câmara,1363,0.94426,54.88,34.0,100.99
3157807,Santa Luzia,75910,0.96301,49.86,34.0,91.34
3141801,Minas Novas,8231,0.81226,56.34,34.0,98.19
3138658,Lontra,3028,0.83924,63.03,34.0,101.05
3131158,Ipaba,5747,0.91599,57.84,34.0,112.58
3145307,Novo Cruzeiro,9071,0.78883,56.02,34.0,98.07
3169703,Turmalina,7436,0.8932,55.46,34.0,100.58
3121001,Datas,1818,0.92349,56.57,34.0,96.37
3153608,Prudente de Morais,3961,0.9599,47.6,34.0,95.37
3146909,Papagaios,4768,0.93332,49.23,34.0,98.63
3167608,Simonésia,7016,0.88337,48.37,34.0,104.58
3127073,Fruta de Leite,1613,0.72725,62.48,34.0,105.17
3150703,Pirajuba,2043,0.91886,48.55,34.0,105.53
3170404,Unaí,31515,0.94351,49.32,34.0,100.32
5002704,Campo Grande,325840,0.97095,49.3,34.0,92.22
5001508,Bandeirantes,2917,0.92702,48.6,34.0,105.91
5005806,Nioaque,4652,0.91863,45.76,34.0,106.72
5007554,Santa Rita do Pardo,2514,0.91537,39.87,34.0,106.37
5005004,Jardim,8341,0.93223,52.83,34.0,98.17
5002308,Brasilândia,4235,0.93469,43.99,34.0,100.61
5002159,Bodoquena,3045,0.91111,44.64,34.0,104.56
5002803,Caracol,1717,0.9271,49.21,34.0,100.4
5000708,Anastácio,8575,0.91024,50.79,34.0,98.45
5004403,Inocência,3130,0.91507,48.05,34.0,107.15
5000856,Angélica,3977,0.91525,45.98,34.0,104.36
5006259,Novo Horizonte do Sul,1796,0.89695,49.76,34.0,103.93
5006200,Nova Andradina,17569,0.9404,44.44,34.0,97.1
5004700,Ivinhema,10296,0.9347,50.8,34.0,100.04
5005681,Mundo Novo,7048,0.91225,53.47,34.0,91.91
5007703,Sete Quedas,3668,0.87343,50.17,34.0,98.81
5103056,Cláudia,3395,0.93321,42.27,34.0,107.01
5106802,Porto dos Gaúchos,2049,0.93844,42.68,34.0,105.17
5104807,Jaciara,10288,0.9335,42.88,34.0,98.38
5105622,Mirassol d'Oeste,9863,0.91925,44.61,34.0,99.74
5103205,Colíder,11741,0.93129,48.5,34.0,101.08
5101308,Arenápolis,3812,0.90498,47.14,34.0,101.06
5106505,Poconé,10381,0.88882,46.6,34.0,107.24
5106158,Nova Bandeirantes,4935,0.93495,32.53,34.0,118.72
5101258,Araputanga,5498,0.90574,44.61,34.0,96.78
5103403,Cuiabá,232201,0.9673,41.79,34.0,94.36
5106315,Novo Santo Antônio,736,0.92943,41.4,34.0,108.16
5106372,Pedra Preta,6654,0.90463,43.43,34.0,103.97
5107404,São Pedro da Cipa,1515,0.87104,39.34,34.0,100.81
5104906,Jangada,2548,0.8295,57.58,34.0,109.24
2505279,Curral de Cima,1759,0.68576,60.32,34.0,101.61
2512804,Riacho dos Cavalos,2832,0.78656,57.94,34.0,101.64
2516003,Solânea,9096,0.76755,63.16,34.0,92.62
2505501,Vista Serrana,1197,0.7909,54.66,34.0,101.49
2501500,Bananeiras,7524,0.75037,56.59,34.0,99.9
2503704,Cajazeiras,22352,0.86278,61.08,34.0,93.29
2505303,Curral Velho,739,0.77166,54.61,34.0,108.93
2515930,Sertãozinho,1716,0.82341,62.11,34.0,94.38
2514602,São José do Bonfim,1100,0.79506,52.9,34.0,97.44
2501534,Baraúna,1729,0.77006,67.74,34.0,96.37
2502102,Boa Ventura,1733,0.75783,59.55,34.0,100.35
2503209,Cabedelo,22773,0.91478,43.74,34.0,90.66
2508505,Livramento,2420,0.82041,58.01,34.0,97.39
2513356,Santa Inês,1057,0.73019,47.37,34.0,109.0
2504108,Carrapateira,754,0.78503,55.14,34.0,109.99
2512721,Pedro Régis,1948,0.74452,57.72,34.0,103.03
2501153,Areia de Baraúnas,673,0.76311,58.53,34.0,103.97
2503506,Cacimba de Dentro,5426,0.70047,61.84,34.0,95.71
2507804,Junco do Seridó,2324,0.81344,56.87,34.0,98.05
2513000,Salgadinho,1110,0.75217,59.86,34.0,105.58
2511400,Picuí,6560,0.81699,60.83,34.0,94.87
2506806,Ingá,6077,0.74787,60.75,34.0,96.16
2502805,Brejo do Cruz,4646,0.76922,52.57,34.0,94.55
2505352,Damião,1788,0.67268,60.27,34.0,100.81
2510709,Passagem,860,0.79637,54.41,34.0,97.36
2515906,Serraria,1636,0.72011,60.28,34.0,96.26
2509602,Monte Horebe,1573,0.77306,61.71,34.0,97.36
2505600,Diamante,2097,0.75096,56.59,34.0,96.84
2507309,Jacaraú,4970,0.74971,56.79,34.0,95.21
2510808,Patos,36246,0.87181,50.64,34.0,88.91
2501807,Bayeux,28049,0.87224,44.46,34.0,90.44
2516102,Soledade,4780,0.86287,54.43,34.0,98.32
2500304,Alagoa Grande,8782,0.72553,58.51,34.0,94.22
2516508,Taperoá,4973,0.80789,59.96,34.0,96.29
2516805,Triunfo,3172,0.80794,67.77,34.0,101.43
2504009,Campina Grande,147149,0.91972,52.31,34.0,89.79
2510105,Nova Floresta,3577,0.80096,63.06,34.0,92.1
2504801,Coremas,5086,0.74242,58.74,34.0,98.2
2506400,Gurinhém,4535,0.70915,51.9,34.0,99.05
2504207,Catingueira,1452,0.745,55.11,34.0,99.16
2506301,Guarabira,19743,0.85251,48.82,34.0,93.25
2512747,Riachão,1016,0.73601,59.62,34.0,99.8
2502706,Borborema,1393,0.75639,57.88,34.0,100.38
2512754,Riachão do Bacamarte,1597,0.7707,55.86,34.0,95.99
2512903,Rio Tinto,8204,0.80432,50.06,34.0,94.12
2514503,São José de Piranhas,6659,0.78745,61.59,34.0,100.35
2514107,São João do Tigre,1701,0.72295,62.51,34.0,103.19
2508208,Lagoa de Dentro,2630,0.74938,60.63,34.0,98.5
2503605,Caiçara,2258,0.75029,55.3,34.0,99.76
2512762,Riachão do Poço,1597,0.70757,52.41,34.0,97.01
2500734,Amparo,792,0.80058,50.6,34.0,103.09
2505907,Emas,974,0.73957,51.88,34.0,101.67
2612307,Saloá,4791,0.74217,57.09,34.0,91.18
2603900,Carnaíba,6798,0.79789,55.51,34.0,95.94
2603405,Calumbi,1795,0.77517,55.2,34.0,92.92
2600609,Alagoinha,4882,0.79,58.94,34.0,100.5
2603603,Camutanga,2555,0.79674,56.36,34.0,95.51
2614501,Surubim,22722,0.82083,56.43,34.0,91.46
2600708,Aliança,12258,0.78282,49.41,34.0,94.13
2602506,Brejinho,2882,0.80561,57.0,34.0,98.71
2615201,Terra Nova,2839,0.84508,54.07,34.0,104.92
2613701,São Lourenço da Mata,39423,0.88232,41.91,34.0,91.1
2605400,Feira Nova,7693,0.7825,52.13,34.0,92.07
2606804,Igarassu,40513,0.8989,40.52,34.0,90.85
2611705,Riacho das Almas,7743,0.7574,57.62,34.0,96.92
2614709,Tacaimbó,4827,0.73324,53.15,34.0,107.18
2611309,Pombos,9861,0.79418,47.91,34.0,95.0
2609709,Orobó,7391,0.77103,60.55,34.0,94.58
2603504,Camocim de São Félix,6305,0.77174,55.08,34.0,94.19
2602902,Cabo de Santo Agostinho,71735,0.89814,40.85,34.0,92.43
2611804,Ribeirão,11917,0.81485,49.2,34.0,90.11
2616407,Vitória de Santo Antão,48335,0.84651,49.46,34.0,89.69
2209302,Santa Luz,1714,0.81728,51.63,34.0,105.63
2208809,Regeneração,5671,0.74819,50.98,34.0,94.83
2205201,Jaicós,6047,0.68917,55.35,34.0,95.29
2201002,Arraial,1533,0.76251,64.34,34.0,100.98
2207959,Nova Santa Rita,1372,0.77281,48.01,34.0,109.24
2200277,Alegrete do Piauí,1595,0.70787,53.69,34.0,99.05
2203354,Dirceu Arcoverde,2264,0.76194,55.57,34.0,106.2
2207900,Pedro II,12132,0.75197,61.95,34.0,99.42
2201408,Barro Duro,2177,0.76637,56.25,34.0,94.1
2208650,Queimada Nova,2882,0.79281,58.49,34.0,102.64
2203909,Floriano,20941,0.898,53.08,34.0,90.57
2201507,Batalha,8691,0.74752,54.32,34.0,100.17
2205540,Lagoinha do Piauí,1011,0.79922,57.37,34.0,102.13
2201945,Boqueirão do Piauí,2096,0.78434,56.08,34.0,97.85
2204352,Geminiano,1932,0.73369,54.42,34.0,100.77
2202737,Coivaras,1287,0.77947,51.55,34.0,106.16
2205532,Jurema,1524,0.719,49.74,34.0,112.13
2204501,Guadalupe,3336,0.8656,51.08,34.0,96.33
2208403,Piripiri,21718,0.80824,56.66,34.0,94.49
2200509,Amarante,5523,0.77908,52.83,34.0,96.11
2208007,Picos,28842,0.86286,50.3,34.0,92.03
2200806,Antônio Almeida,1040,0.83052,57.28,34.0,102.7
2207009,Oeiras,13501,0.82674,55.94,34.0,93.29
2210052,São José do Divino,1669,0.69866,54.04,34.0,102.3
2202075,Cajazeiras do Piauí,1047,0.8096,63.75,34.0,101.43
2206001,Marcos Parente,1545,0.82693,56.59,34.0,94.8
2207934,Pedro Laurentino,812,0.8024,50.37,34.0,108.48
2207108,Olho D'Água do Piauí,894,0.77918,54.91,34.0,99.77
2202406,Capitão de Campos,3620,0.77064,58.92,34.0,96.32
2208601,Prata do Piauí,1091,0.73844,66.3,34.0,102.4
2202117,Campo Alegre do Fidalgo,1597,0.69647,47.65,34.0,107.37
2201101,Avelino Lopes,3663,0.81095,52.33,34.0,102.08
2211001,Teresina,279882,0.92875,47.64,34.0,88.01
4122206,Rio Branco do Sul,13318,0.93144,38.2,34.0,104.31
4113304,Laranjeiras do Sul,11861,0.94601,53.18,34.0,96.99
4127106,Telêmaco Borba,26428,0.9588,44.65,34.0,97.68
4108320,Francisco Alves,2863,0.90631,62.48,34.0,99.85
4104253,Campo Magro,10871,0.95848,40.46,34.0,99.44
4117503,Paiçandu,16552,0.94854,45.34,34.0,97.05
4127007,Teixeira Soares,3326,0.95571,51.55,34.0,103.26
4125100,São João do Triunfo,4908,0.93698,48.94,34.0,106.34
4107900,Floresta,3872,0.94588,47.23,34.0,95.77
4122404,Rolândia,25778,0.95152,56.73,34.0,94.8
4128203,União da Vitória,19982,0.97393,57.01,34.0,95.21
4104428,Candói,5317,0.92556,44.82,34.0,101.49
4121703,Reserva,8972,0.89689,50.48,34.0,102.6
4127502,Tibagi,7030,0.93179,45.27,34.0,100.9
4108403,Francisco Beltrão,36858,0.96251,53.16,34.0,97.36
4103040,Boa Ventura de São Roque,2239,0.90763,49.55,34.0,105.81
4117305,Ortigueira,8744,0.88268,49.67,34.0,103.23
4120804,Quatro Barras,8463,0.97035,42.63,34.0,98.97
4100301,Agudos do Sul,3633,0.93275,52.15,34.0,106.39
4105003,Catanduvas,3371,0.91483,57.68,34.0,103.71
4120903,Quedas do Iguaçu,11136,0.92056,50.1,34.0,99.78
4128633,Doutor Ulysses,2067,0.86545,50.29,34.0,108.53
4111407,Ivaí,4584,0.93892,49.75,34.0,106.54
4119400,Piraí do Sul,8304,0.95571,51.7,34.0,98.5
4105201,Cerro Azul,5839,0.86177,53.07,34.0,107.86
4114401,Mangueirinha,5914,0.92343,49.75,34.0,98.81
4122156,Rio Bonito do Iguaçu,4824,0.93498,42.74,34.0,107.0
4107736,Fernandes Pinheiro,2163,0.92888,50.97,34.0,104.95
4108452,Foz do Jordão,1781,0.92074,51.21,34.0,97.51
4111902,Jaguapitã,5506,0.93759,51.62,34.0,97.98
3304144,Queimados,51217,0.96241,46.85,34.0,91.19
3302403,Macaé,92716,0.96546,40.58,34.0,93.6
3305554,Seropédica,29321,0.95328,52.67,34.0,93.13
3302007,Itaguaí,42279,0.95842,49.39,34.0,95.27
3306156,Varre-Sai,3627,0.89763,53.77,34.0,104.84
2405603,Jardim de Piranhas,4962,0.8034,52.84,34.0,99.44
2409605,Pedra Preta,780,0.75397,61.43,34.0,105.82
2401404,Baía Formosa,2780,0.82876,43.26,34.0,103.62
2409704,Pedro Avelino,2064,0.75568,58.98,34.0,105.13
2411700,São Bento do Trairí,1295,0.76118,57.05,34.0,93.37
2409100,Passa e Fica,3791,0.77747,54.07,34.0,96.22
2411106,Ruy Barbosa,1090,0.77533,64.35,34.0,104.86
2412302,São José do Campestre,3718,0.77503,62.95,34.0,97.22
2400406,Água Nova,991,0.79082,58.75,34.0,95.88
2409407,Pau dos Ferros,10776,0.87041,55.91,34.0,93.03
2407005,Luís Gomes,3002,0.78213,60.09,34.0,98.86
2403251,Parnamirim,90152,0.94908,43.42,34.0,89.26
2406700,Lajes,3211,0.81811,65.95,34.0,96.93
2413508,Serrinha,2245,0.74033,60.88,34.0,103.67
2405900,João Dias,754,0.77939,53.76,34.0,99.04
2405504,Jardim de Angicos,795,0.78594,56.5,34.0,102.24
2407609,Messias Targino,1432,0.75883,58.78,34.0,95.52
2412609,São Paulo do Potengi,5875,0.81116,56.99,34.0,94.6
2414100,Tenente Ananias,3396,0.77852,56.48,34.0,98.88
2400703,Alto do Rodrigues,4210,0.83868,42.18,34.0,95.12
2413300,Serra de São Bento,1929,0.72963,58.05,34.0,97.88
2414605,Upanema,4678,0.77774,48.65,34.0,103.46
2406403,Lagoa de Velhos,869,0.81232,53.45,34.0,104.05
2400208,Açu,19231,0.82327,47.76,34.0,94.64
2402501,Carnaubais,3234,0.80261,45.89,34.0,101.16
1100601,Cacaulândia,1483,0.88078,46.5,34.0,106.26
1100015,Alta Floresta D'Oeste,7695,0.91587,44.61,34.0,101.82
1100056,Cerejeiras,5873,0.92152,47.01,34.0,98.03
1101450,Parecis,1482,0.89528,37.82,34.0,110.24
4311627,Lindolfo Collor,2310,0.97038,39.3,34.0,101.68
4306767,Eldorado do Sul,14472,0.9649,48.27,34.0,96.0
4304408,Canela,18302,0.97545,47.73,34.0,92.72
4300604,Alvorada,68775,0.9738,47.91,34.0,91.23
4313375,Nova Santa Rita,10271,0.97027,45.47,34.0,98.94
4302055,Benjamin Constant do Sul,725,0.88145,63.44,34.0,109.25
4300877,Araricá,3215,0.96969,44.67,34.0,99.23
4219507,Xanxerê,19301,0.9659,52.43,34.0,95.88
4204004,Catanduvas,3822,0.96161,48.28,34.0,98.68
4208302,Itapema,27423,0.98141,49.54,34.0,96.43
4219176,Vargem Bonita,1610,0.94548,57.42,34.0,102.21
4210407,Maracajá,2744,0.96686,50.03,34.0,100.44
4202909,Brusque,50275,0.98154,44.93,34.0,96.07
4204806,Curitibanos,14314,0.94736,50.34,34.0,95.45
4212205,Papanduva,6896,0.96098,48.34,34.0,102.92
4219309,Videira,20543,0.97575,50.26,34.0,97.81
4208104,Itaiópolis,7715,0.96683,49.19,34.0,106.12
4209102,Joinville,221964,0.98433,49.43,34.0,96.7
4216057,São Cristovão do Sul,1475,0.92972,43.82,34.0,184.57
4216354,São João do Itaperiú,1490,0.96247,49.59,34.0,105.29
4202602,Bom Retiro,3037,0.94406,54.81,34.0,101.1
4212270,Passos Maia,1337,0.92142,51.97,34.0,103.94
4213005,Pinheiro Preto,1175,0.97427,56.3,34.0,100.64
4217709,Sombrio,11048,0.96757,47.75,34.0,94.81
4211207,Morro da Fumaça,6400,0.96434,42.14,34.0,97.85
4203709,Canelinha,4490,0.94298,49.53,34.0,102.86
4208500,Ituporanga,9514,0.96958,51.36,34.0,99.63
4209904,Lontras,4659,0.96423,50.33,34.0,99.37
4208906,Jaraguá do Sul,66380,0.98564,43.65,34.0,97.89
4211108,Monte Castelo,2676,0.95347,49.08,34.0,104.39
4206306,Guabiruba,8367,0.97822,43.63,34.0,100.71
4217402,Schroeder,6835,0.98007,37.42,34.0,100.27
4211751,Otacílio Costa,6307,0.95677,48.16,34.0,98.4
4213708,Pouso Redondo,6072,0.96195,49.23,34.0,100.97
4202305,Biguaçu,28300,0.97148,46.24,34.0,95.79
4205506,Fraiburgo,11916,0.95708,49.27,34.0,97.87
4205902,Gaspar,25852,0.97991,47.49,34.0,97.76
2804706,Nossa Senhora de Lourdes,2244,0.7722,51.68,34.0,100.19
2803708,Macambira,2486,0.805,56.14,34.0,94.98
2806800,São Domingos,3851,0.79667,52.62,34.0,94.7
2800209,Aquidabã,7417,0.77689,56.43,34.0,95.52
2801900,Cumbe,1368,0.78094,55.58,34.0,96.1
2806206,Salgado,7332,0.8043,46.54,34.0,98.93
2802502,General Maynard,1111,0.85642,42.31,34.0,89.22
2807006,São Miguel do Aleixo,1281,0.73972,59.39,34.0,95.34
2802403,Gararu,3949,0.72327,48.45,34.0,106.17
2805208,Pinhão,2028,0.78954,55.75,34.0,94.02
2805109,Pedrinhas,2682,0.7675,53.44,34.0,93.36
3531803,Monte Mor,22385,0.95575,41.45,34.0,97.2
3543105,Ribeirão Corrente,1584,0.9277,51.8,34.0,100.17
3550704,São Sebastião,28979,0.95617,43.68,34.0,95.63
3535804,Paranapanema,6843,0.94307,49.43,34.0,103.26
3523602,Itirapina,4788,0.96509,63.72,34.0,143.23
3526506,Lavínia,1837,0.96515,103.17,34.0,286.63
3510609,Carapicuíba,136793,0.96621,45.97,34.0,92.48
3503604,Areiópolis,3400,0.93716,44.6,34.0,101.67
3528700,Marabá Paulista,1383,0.9358,77.37,34.0,165.72
3507308,Boracéia,1635,0.95104,55.07,34.0,103.06
3544202,Riolândia,3005,0.92593,65.46,34.0,158.57
3555703,União Paulista,585,0.93296,54.86,34.0,96.45
3556909,Vista Alegre do Alto,2866,0.93176,49.39,34.0,102.67
3556503,Várzea Paulista,40492,0.96529,47.11,34.0,98.11
3514809,Eldorado,4598,0.92381,55.76,34.0,100.51
3552502,Suzano,105752,0.96614,44.68,34.0,93.55
3518800,Guarulhos,450559,0.96778,46.27,34.0,92.53
3525854,Jumirim,1002,0.96266,57.19,34.0,99.22
3555356,Ubarana,1922,0.91898,54.29,34.0,105.01
3513504,Cubatão,40091,0.95453,45.48,34.0,92.33
3522208,Itapecerica da Serra,54563,0.95515,41.13,34.0,95.42
3539509,Pitangueiras,11906,0.94491,51.98,34.0,98.98
3544103,Rio Grande da Serra,15740,0.95794,46.36,34.0,95.36
3519303,Ibaté,11092,0.95078,45.33,34.0,99.39
3505708,Barueri,109460,0.97389,38.41,34.0,91.32
3516853,Gavião Peixoto,1640,0.94261,50.26,34.0,98.65
3519071,Hortolândia,80802,0.96926,42.06,34.0,98.32
3522901,Itapuí,4749,0.94817,53.53,34.0,99.14
3530904,Mombuca,1232,0.92926,44.03,34.0,96.52
3513009,Cotia,95935,0.96941,40.23,34.0,93.97
3525003,Jandira,42009,0.96945,40.18,34.0,93.91
3527603,Luís Antônio,4169,0.95655,44.33,34.0,100.02
3505351,Barra do Chapéu,1876,0.91187,51.25,34.0,107.49
3555505,Ubirajara,1832,0.93899,55.02,34.0,107.86
3526605,Lavrinhas,2392,0.95688,43.71,34.0,98.75
1717008,Pindorama do Tocantins,1490,0.87328,50.19,34.0,109.84
1706001,Couto Magalhães,1845,0.8616,46.74,34.0,108.08
1714203,Natividade,3061,0.86329,50.73,34.0,105.44
1703206,Bernardo Sayão,1520,0.86407,41.44,34.0,103.61
1701051,Angico,894,0.89397,46.04,34.0,111.16
1715705,Palmeirante,1663,0.835,46.36,34.0,112.96
1713304,Miranorte,4398,0.90808,49.76,34.0,103.25
1702406,Arraias,3727,0.83724,58.94,34.0,105.29
1711803,Juarina,737,0.86507,44.26,34.0,104.09
1716208,Paranã,3670,0.8214,51.6,34.0,111.14
1701903,Araguacema,2061,0.87359,48.42,34.0,107.96
1713205,Miracema do Tocantins,6365,0.90711,50.29,34.0,100.11
1700251,Abreulândia,925,0.87873,44.39,34.0,112.72
1702307,Arapoema,1962,0.87208,46.62,34.0,105.33
1710706,Itaguatins,1742,0.82381,50.68,34.0,107.05
1720903,Taguatinga,5011,0.87259,53.36,34.0,105.17
1705557,Combinado,1741,0.88475,42.14,34.0,100.51
2704906,Mar Vermelho,1062,0.79239,62.93,36.0,97.56
2925931,Quixabeira,3610,0.81967,75.72,36.0,101.73
2931103,Tanquinho,2595,0.8651,72.38,36.0,94.48
2903508,Belo Campo,6361,0.79991,72.7,36.0,99.52
2929404,São Miguel das Matas,3816,0.8184,66.4,36.0,99.92
2918555,Jussari,2080,0.81838,64.75,36.0,101.44
2931004,Tanhaçu,7310,0.78833,69.65,36.0,100.63
2905008,Caculé,7827,0.85951,74.53,36.0,97.47
2930402,Serra Preta,5831,0.79777,77.29,36.0,93.44
2902609,Baixa Grande,6490,0.80725,72.3,36.0,98.71
2913101,Ibititá,6003,0.85167,62.93,36.0,100.96
2913309,Ichu,2173,0.88949,70.75,36.0,94.78
2927903,Santa Inês,3601,0.7896,68.07,36.0,97.92
2900405,Água Fria,5448,0.79981,68.91,36.0,94.43
2913903,Ipiaú,14843,0.85198,63.56,36.0,92.81
2930006,Sebastião Laranjeiras,3183,0.784,62.51,36.0,102.07
2914208,Irajuba,2191,0.77454,67.51,36.0,97.25
2928208,Santana,8397,0.83257,68.32,36.0,103.38
2932606,Urandi,5135,0.82726,71.25,36.0,100.22
2912400,Ibipeba,5819,0.84223,61.03,36.0,102.25
2928505,Santa Teresinha,4013,0.79062,70.43,36.0,93.6
2933174,Varzedo,3622,0.80575,64.78,36.0,99.14
2921203,Miguel Calmon,9294,0.83507,62.73,36.0,96.94
2922300,Muritiba,9991,0.88199,58.36,36.0,87.52
2932101,Ubaíra,6851,0.76417,64.74,36.0,99.85
2933059,Várzea da Roça,5031,0.76794,73.6,36.0,97.59
2901502,Anguera,3150,0.85219,68.86,36.0,95.83
2920403,Manoel Vitorino,4825,0.762,68.83,36.0,102.45
2904100,Boquira,6448,0.79453,74.76,36.0,96.82
2923209,Oliveira dos Brejinhos,7530,0.85199,74.11,36.0,102.28
2919009,Lajedinho,1276,0.81815,58.65,36.0,98.93
2932507,Una,6938,0.821,60.14,36.0,100.43
2907400,Catolândia,1123,0.79473,62.13,36.0,107.87
2913408,Igaporã,4886,0.8164,73.82,36.0,96.92
2916807,Itarantim,6280,0.83278,64.4,36.0,103.1
2919058,Lajedo do Tabocal,2730,0.81769,67.58,36.0,99.95
2915700,Itamari,2555,0.77345,64.99,36.0,100.71
2910750,Fátima,6801,0.75061,70.86,36.0,100.26
2921450,Mirante,3448,0.75889,74.23,36.0,106.76
2921104,Medeiros Neto,8470,0.83187,67.13,36.0,101.73
2905156,Caetanos,3672,0.75903,73.93,36.0,104.65
2911857,Heliópolis,4479,0.73723,72.9,36.0,100.83
2924801,Piritiba,6579,0.83375,66.74,36.0,96.93
2912509,Ibipitanga,4755,0.771,79.3,36.0,99.01
2901106,Amélia Rodrigues,8600,0.90264,57.61,36.0,87.39
2912905,Ibirataia,6913,0.7784,59.63,36.0,94.55
2933000,Valente,9062,0.85098,62.86,36.0,94.34
2901601,Antas,4484,0.81688,83.85,36.0,100.65
2932309,Ubatã,5862,0.83425,63.37,36.0,93.67
2911808,Guaratinga,7244,0.72412,67.97,36.0,105.87
2904605,Brumado,24535,0.88065,61.33,36.0,95.11
2906709,Cândido Sales,8890,0.79962,61.36,36.0,99.0
2913606,Ilhéus,66586,0.90858,56.87,36.0,91.87
2908804,Contendas do Sincorá,1518,0.8287,77.7,36.0,102.38
2913507,Iguaí,7951,0.75936,65.73,36.0,102.52
2917201,Ituaçu,6191,0.78516,68.76,36.0,99.38
2903102,Barra do Rocha,2141,0.73776,60.08,36.0,109.39
2922102,Mundo Novo,6437,0.81664,63.37,36.0,97.14
2931707,Terra Nova,3790,0.89606,61.14,36.0,90.44
2915205,Itagibá,5441,0.81042,63.19,36.0,101.18
2916708,Itaquara,2775,0.78569,65.74,36.0,99.98
2923407,Palmas de Monte Alto,6773,0.77203,67.35,36.0,102.26
2924058,Pé de Serra,4878,0.79883,68.94,36.0,96.19
2910107,Dom Basílio,3782,0.81365,70.07,36.0,104.23
2929503,São Sebastião do Passé,15128,0.89128,53.5,36.0,89.93
2930600,Serrolândia,5200,0.79431,67.3,36.0,95.33
2919926,Madre de Deus,6773,0.95578,47.06,36.0,88.47
2927804,Santa Cruz da Vitória,1692,0.78993,65.24,36.0,99.7
2909802,Cruz das Almas,21726,0.91316,56.34,36.0,87.22
2923308,Ouriçangas,2783,0.80262,64.61,36.0,93.04
2920601,Maragogipe,12953,0.82405,55.82,36.0,95.42
2922755,Nova Ibiá,2401,0.7848,53.61,36.0,106.77
2919504,Livramento de Nossa Senhora,14710,0.82798,64.17,36.0,100.4
2900504,Érico Cardoso,3107,0.75831,80.22,36.0,99.36
2304277,Ererê,2248,0.75903,66.64,36.0,98.83
2308351,Milhã,4660,0.81331,73.45,36.0,100.1
2308708,Morada Nova,22663,0.79169,69.66,36.0,97.22
2312700,Senador Pompeu,8958,0.78632,72.25,36.0,95.33
2306900,Jaguaribe,12399,0.81787,69.06,36.0,94.16
2310902,Piquet Carneiro,5737,0.80317,81.85,36.0,98.97
2303600,Catarina,3651,0.73738,73.31,36.0,97.4
2301505,Arneiroz,2599,0.75888,72.6,36.0,100.3
2305654,Ipaporanga,4296,0.76565,72.68,36.0,98.58
2313104,Tabuleiro do Norte,11737,0.81173,65.31,36.0,90.97
2310001,Palhano,3256,0.77781,69.52,36.0,99.96
3201704,Conceição do Castelo,4466,0.92223,66.71,36.0,100.15
3202009,Dores do Rio Preto,2485,0.88728,61.55,36.0,100.61
3205069,Venda Nova do Imigrante,8902,0.9467,61.14,36.0,96.48
3205036,Vargem Alta,7122,0.93187,61.27,36.0,103.29
3203700,Muniz Freire,6712,0.8813,65.1,36.0,103.01
3203502,Montanha,7017,0.87577,60.26,36.0,97.84
3200706,Atilio Vivacqua,3844,0.92564,59.44,36.0,99.43
3204203,Piúma,8500,0.9545,58.91,36.0,95.6
3200904,Barra de São Francisco,16054,0.89232,57.69,36.0,97.63
3203346,Marechal Floriano,6607,0.93927,57.6,36.0,99.42
3203320,Marataízes,14966,0.92859,62.95,36.0,95.97
3204708,São Gabriel da Palha,12624,0.93289,62.89,36.0,97.08
3202306,Guaçuí,10952,0.91159,66.93,36.0,94.58
3200409,Anchieta,11037,0.95599,59.31,36.0,97.74
3201001,Boa Esperança,5039,0.89318,59.7,36.0,98.77
3204658,São Domingos do Norte,3096,0.92322,68.11,36.0,109.9
3203908,Nova Venécia,18589,0.92311,61.14,36.0,98.07
5212105,Joviânia,2730,0.92221,63.64,36.0,102.63
5206404,Crixás,6186,0.90523,50.49,36.0,105.21
5220157,São Luíz do Norte,1797,0.88499,52.16,36.0,103.92
5209937,Inaciolândia,2207,0.87534,60.69,36.0,101.08
5219712,Santo Antônio da Barra,1570,0.86756,62.69,36.0,108.76
5219803,São Domingos,3469,0.8434,52.07,36.0,111.66
5201801,Aragoiânia,4648,0.91399,54.5,36.0,99.23
5217401,Pires do Rio,12264,0.94823,67.78,36.0,98.39
5218607,Rialma,4473,0.94435,63.33,36.0,97.68
5205802,Corumbá de Goiás,3719,0.89883,67.46,36.0,104.89
5201454,Aparecida do Rio Doce,1099,0.91553,56.48,36.0,99.11
5211503,Itumbiara,39710,0.9449,56.77,36.0,94.64
5203575,Bonópolis,1237,0.86756,54.64,36.0,104.15
5206701,Damianópolis,1367,0.87733,57.97,36.0,101.82
5209101,Goiatuba,13556,0.94301,65.53,36.0,97.0
5201702,Aragarças,6636,0.93166,58.45,36.0,99.54
5203302,Bela Vista de Goiás,12905,0.94042,60.67,36.0,100.96
5220603,Silvânia,8140,0.94419,55.51,36.0,102.69
5215009,Nova Veneza,3464,0.93675,65.95,36.0,99.85
5216403,Paraúna,4085,0.93234,58.97,36.0,96.12
5222302,Vila Propício,2180,0.85674,52.16,36.0,109.7
5213806,Morrinhos,19727,0.95134,62.72,36.0,99.19
5207402,Edéia,4365,0.91351,58.12,36.0,100.32
5219407,Santa Rita do Araguaia,2301,0.92677,57.8,36.0,98.19
5205901,Corumbaíba,3506,0.94555,62.0,36.0,103.69
5208301,Divinópolis de Goiás,1645,0.86122,60.82,36.0,99.06
2104909,Guimarães,3516,0.88949,62.44,36.0,99.53
3115805,Centralina,3754,0.91487,65.14,36.0,100.26
3118304,Conselheiro Lafaiete,47587,0.97273,68.81,36.0,92.66
3137205,Lagoa da Prata,18388,0.95422,61.87,36.0,95.73
3137304,Lagoa dos Patos,1206,0.87633,60.58,36.0,104.89
3142700,Montalvânia,4796,0.82859,69.18,36.0,100.51
3117702,Conceição do Rio Verde,4567,0.90862,69.26,36.0,100.75
3130556,Imbé de Minas,2542,0.87074,59.25,36.0,104.27
3130705,Indianópolis,2263,0.91144,54.49,36.0,108.2
3101706,Almenara,14479,0.83609,61.65,36.0,97.35
3135803,Jequitinhonha,8310,0.82594,74.65,36.0,103.07
3121209,Delfinópolis,2987,0.92498,63.1,36.0,109.3
3118106,Congonhas do Norte,1720,0.84968,76.1,36.0,102.13
3146552,Pai Pedro,1978,0.76461,60.02,36.0,102.59
3164407,São Sebastião da Bela Vista,2229,0.91067,60.56,36.0,105.37
3168101,Tapira,1435,0.948,53.55,36.0,107.04
3127008,Fronteira,5464,0.91942,57.4,36.0,101.08
3147907,Passos,41262,0.96102,70.02,36.0,94.78
3113404,Caratinga,32668,0.93513,68.32,36.0,94.61
3118809,Coração de Jesus,9295,0.86998,65.47,36.0,100.74
3126703,Francisco Sá,7981,0.84561,66.13,36.0,105.66
3141405,Medina,7244,0.84595,74.84,36.0,100.62
3122207,Divinolândia de Minas,2305,0.89201,66.31,36.0,93.7
3138203,Lavras,38931,0.97459,72.83,36.0,92.06
3162005,São Gonçalo do Sapucaí,8358,0.9444,65.74,36.0,98.81
3169802,Turvolândia,1798,0.93013,70.81,36.0,107.79
3124005,Ervália,7668,0.88762,73.79,36.0,100.13
3145851,Oratórios,1658,0.88612,64.03,36.0,101.1
3170107,Uberaba,127349,0.96868,65.62,36.0,92.72
3127107,Frutal,23081,0.95395,61.55,36.0,99.09
3147956,Patis,1672,0.82452,64.97,36.0,102.47
3169901,Ubá,39042,0.96077,62.63,36.0,94.68
3118601,Contagem,228783,0.97285,59.66,36.0,91.85
3159605,Santa Rita do Sapucaí,14172,0.94475,64.7,36.0,98.13
3163508,São José do Jacuri,2211,0.85521,73.31,36.0,102.12
3164506,São Sebastião do Maranhão,3347,0.82315,79.47,36.0,107.77
3128600,Guarda-Mor,2407,0.93298,56.22,36.0,106.8
3110905,Campanha,5702,0.94514,73.01,36.0,98.64
3170701,Varginha,49488,0.96805,64.25,36.0,93.81
3120201,Cristais,4494,0.93326,71.82,36.0,101.1
3141108,Matozinhos,13310,0.95946,55.46,36.0,93.42
3133709,Itatiaiuçu,4590,0.94132,63.55,36.0,101.99
3163102,São José da Varginha,1739,0.93684,62.34,36.0,109.03
3169307,Três Corações,26358,0.95034,62.47,36.0,96.37
3166907,Serrania,2743,0.91121,73.07,36.0,100.24
3116001,Chalé,2227,0.90092,66.36,36.0,100.5
3116803,Coluna,2977,0.84155,73.38,36.0,100.71
3120904,Curvelo,29782,0.94799,70.15,36.0,92.75
3102704,Cachoeira de Pajeú,2928,0.82735,79.02,36.0,102.58
3139706,Maravilhas,2527,0.94247,64.8,36.0,101.9
3152501,Pouso Alegre,55931,0.97096,62.5,36.0,96.65
3160405,Santo Antônio do Monte,10148,0.95231,65.02,36.0,97.73
3122405,Divisa Nova,2086,0.91153,71.3,36.0,107.78
3156700,Sabará,45809,0.96177,58.51,36.0,91.19
3156908,Sacramento,9701,0.95282,63.92,36.0,100.81
3157252,Santa Bárbara do Leste,3066,0.90687,63.6,36.0,103.81
3153905,Raposos,5594,0.96328,59.82,36.0,93.13
3108602,Brasília de Minas,10748,0.88994,67.17,36.0,98.49
3145109,Nova Resende,5941,0.93591,62.25,36.0,107.14
3143450,Montezuma,2267,0.82189,63.06,36.0,100.17
3170800,Várzea da Palma,12988,0.91673,58.34,36.0,99.28
3101631,Alfredo Vasconcelos,2464,0.9428,65.0,36.0,99.68
3154457,Riachinho,2576,0.8815,64.36,36.0,104.38
3156007,Rio Vermelho,4344,0.82552,77.05,36.0,99.95
3163607,São José do Mantimento,1001,0.89905,69.29,36.0,99.93
3103405,Araçuaí,12188,0.87818,69.14,36.0,96.16
3156205,Rochedo de Minas,836,0.92857,74.13,36.0,104.74
3139201,Malacacheta,6424,0.82377,72.98,36.0,96.63
3143807,Munhoz,2671,0.92233,60.78,36.0,107.9
3120706,Cruzeiro da Fortaleza,1245,0.94147,63.94,36.0,106.39
3139003,Machado,13105,0.94339,69.27,36.0,96.82
3159357,Santa Rita de Minas,2498,0.90092,61.71,36.0,100.86
3162807,São João Evangelista,5619,0.88611,73.66,36.0,97.49
3171303,Viçosa,29055,0.95799,79.13,36.0,92.0
3126950,Frei Lagonegro,1190,0.83138,66.67,36.0,100.06
3157336,Santa Cruz de Minas,2944,0.95794,57.02,36.0,94.32
3126604,Francisco Dumont,1691,0.8645,59.74,36.0,104.68
3133303,Itaobim,6895,0.84259,75.82,36.0,98.37
3168606,Teófilo Otoni,49858,0.9095,67.97,36.0,91.52
3115359,Catas Altas,1988,0.92242,56.88,36.0,96.8
3129657,Ibiracatu,1774,0.7925,66.73,36.0,107.47
3167202,Sete Lagoas,81943,0.97003,66.81,36.0,92.06
3154804,Rio Acima,3646,0.95418,61.46,36.0,94.82
3166709,Serra dos Aimorés,2675,0.85092,64.76,36.0,95.5
3114204,Carmo do Cajuru,8653,0.95229,63.44,36.0,98.91
3123601,Elói Mendes,9398,0.92357,68.91,36.0,95.79
3129509,Ibiá,8377,0.94443,60.99,36.0,100.75
3169406,Três Pontas,19288,0.94534,67.62,36.0,95.18
3107109,Boa Esperança,13804,0.95106,70.75,36.0,97.7
3139508,Manhumirim,7653,0.91879,68.82,36.0,97.42
3148004,Patos de Minas,61097,0.96654,70.09,36.0,94.61
5003900,Figueirão,1363,0.90976,43.42,36.0,109.91
5107263,Santo Afonso,957,0.88464,51.07,36.0,106.14
5101001,Araguaiana,1457,0.91297,51.26,36.0,108.98
5102793,Carlinda,3784,0.87706,59.31,36.0,106.85
5102850,Castanheira,2722,0.91552,49.97,36.0,106.38
5107156,Reserva do Cabaçal,834,0.89307,49.37,36.0,98.88
5107206,Rio Branco,1744,0.88487,58.47,36.0,96.07
5106000,Nortelândia,2135,0.9034,54.53,36.0,103.0
5107198,Ribeirãozinho,1010,0.91279,53.26,36.0,108.78
5103007,Chapada dos Guimarães,6892,0.90163,56.97,36.0,102.71
1501402,Belém,422975,0.97048,59.49,36.0,88.18
2516300,Sumé,6633,0.8282,68.88,36.0,95.62
2506905,Itabaiana,8292,0.78401,63.07,36.0,92.29
2508703,Mãe d'Água,1323,0.76662,63.31,36.0,95.69
2501609,Barra de Santa Rosa,4843,0.72432,74.21,36.0,103.15
2512200,Prata,1428,0.80154,68.91,36.0,101.49
2511301,Piancó,5638,0.80455,67.45,36.0,93.83
2502201,Bom Jesus,805,0.78811,70.41,36.0,103.93
2513653,Joca Claudino,875,0.80943,73.44,36.0,96.06
2502904,Brejo dos Santos,1982,0.79544,72.64,36.0,95.57
2513927,São Bentinho,1491,0.76276,68.03,36.0,97.22
2505808,Duas Estradas,1166,0.79381,71.32,36.0,95.82
2514552,São José de Princesa,1173,0.76777,65.6,36.0,109.31
2503100,Cabaceiras,1877,0.90712,67.25,36.0,99.29
2509370,Mato Grosso,826,0.67545,67.61,36.0,99.92
2513406,Santa Luzia,5259,0.85094,70.42,36.0,95.19
2513109,Salgado de São Félix,4067,0.70363,74.1,36.0,96.57
2511103,Pedra Lavrada,2479,0.79968,75.19,36.0,99.45
2500775,Aparecida,2693,0.76998,67.71,36.0,99.65
2504306,Catolé do Rocha,10631,0.83351,62.27,36.0,94.78
2514701,São José do Sabugi,1412,0.82358,71.78,36.0,102.74
2502003,Belém do Brejo do Cruz,2107,0.71361,64.77,36.0,98.04
2512101,Pombal,11299,0.81009,70.3,36.0,90.75
2514206,São José da Lagoa Tapada,2529,0.6937,76.09,36.0,97.67
2501575,Barra de Santana,2938,0.75132,70.12,36.0,103.51
2510907,Paulista,4125,0.76495,67.19,36.0,96.91
2505105,Cuité,6930,0.77135,72.6,36.0,94.7
2502607,Igaracy,2022,0.75304,71.1,36.0,98.66
2504074,Caraúbas,1453,0.80618,74.05,36.0,101.74
2516904,Uiraúna,5096,0.78595,76.37,36.0,93.39
2513943,São Domingos do Cariri,920,0.83733,65.63,36.0,94.65
2508406,Lastro,973,0.72734,72.44,36.0,105.73
2603454,Camaragibe,53357,0.92339,52.43,36.0,88.65
2615706,Triunfo,5276,0.87208,75.14,36.0,92.07
2608909,Limoeiro,20188,0.84808,65.7,36.0,91.95
2604908,Cumaru,5675,0.756,67.49,36.0,98.18
2609501,Nazaré da Mata,10664,0.83534,60.16,36.0,88.5
2615904,Tuparetama,2953,0.82754,65.39,36.0,93.97
2600807,Altinho,7896,0.74533,67.32,36.0,96.8
2606903,Iguaraci,4054,0.78724,67.19,36.0,99.12
2610707,Paulista,124313,0.95201,54.56,36.0,86.68
2601904,Bezerros,23798,0.79615,64.46,36.0,90.09
2205151,Jacobina do Piauí,1958,0.71815,59.44,36.0,99.33
2205359,João Costa,994,0.77113,52.36,36.0,111.99
2204204,Francisco Santos,2937,0.77491,60.87,36.0,103.28
2201988,Brejo do Piauí,1382,0.74174,59.13,36.0,102.07
2201606,Beneditinos,3510,0.73805,72.33,36.0,100.18
2210300,São Julião,2195,0.7234,68.6,36.0,96.45
2202711,Cocal de Telha,1649,0.75371,66.63,36.0,98.58
2204105,Francisco Ayres,1522,0.73816,75.74,36.0,97.23
2210938,Sussuapara,2195,0.77699,68.26,36.0,99.04
2209401,Santo Antônio de Lisboa,2092,0.78851,72.51,36.0,98.4
2202251,Canavieira,1126,0.79535,70.01,36.0,105.66
2205607,Landri Sales,1794,0.83089,70.76,36.0,94.15
2205250,Jardim do Mulato,1431,0.727,62.9,36.0,101.35
2206506,Monsenhor Hipólito,2667,0.7314,64.82,36.0,99.87
2203800,Flores do Piauí,1567,0.74153,63.95,36.0,101.83
2202802,Conceição do Canindé,1705,0.77352,72.18,36.0,99.84
2202208,Campo Maior,15484,0.84111,68.01,36.0,92.25
2205904,Manoel Emídio,1729,0.80567,64.33,36.0,106.54
2210201,São José do Piauí,2287,0.72572,66.54,36.0,99.37
2202778,Colônia do Piauí,2364,0.74894,69.21,36.0,100.29
2210409,São Miguel do Tapuio,5934,0.7142,64.81,36.0,101.63
2204808,Ipiranga do Piauí,3146,0.81866,63.15,36.0,97.69
2203453,Dom Inocêncio,3177,0.80714,67.36,36.0,109.44
2208106,Pimenteiras,3869,0.72127,66.46,36.0,102.81
4100608,Alto Paraná,5065,0.91998,63.14,36.0,97.07
4128104,Umuarama,44244,0.95812,63.26,36.0,92.13
4103701,Cambé,39157,0.95724,65.96,36.0,93.32
4118303,Paranapoema,909,0.91412,53.8,36.0,95.6
4124053,Santa Terezinha de Itaipu,8619,0.94734,57.99,36.0,92.45
4123857,Santa Maria do Oeste,3606,0.90166,59.3,36.0,106.31
4101150,Ângulo,1221,0.92758,66.0,36.0,100.56
4105508,Cianorte,29525,0.95914,63.19,36.0,93.0
4110003,Iguaraçu,1957,0.93911,55.71,36.0,98.07
4113700,Londrina,209379,0.97157,74.48,36.0,90.51
4122305,Rio Negro,10991,0.97793,58.64,36.0,99.15
4102307,Balsa Nova,4792,0.9645,51.38,36.0,101.61
4110706,Irati,21729,0.97025,60.97,36.0,96.25
4113908,Mallet,4926,0.97095,65.21,36.0,107.25
4106506,Coronel Vivida,8594,0.95506,69.21,36.0,93.91
4107256,Douradina,3461,0.9306,63.63,36.0,97.1
4113502,Loanda,8565,0.93994,58.41,36.0,95.84
4103800,Cambira,3530,0.93518,68.09,36.0,98.82
4115101,Mariluz,3675,0.87732,57.9,36.0,104.8
4124509,Santo Inácio,2277,0.94079,56.54,36.0,98.94
4108957,Guamiranga,2793,0.94666,52.07,36.0,102.53
4120333,Prado Ferreira,1369,0.89309,64.15,36.0,100.05
4118402,Paranavaí,34315,0.95474,65.84,36.0,91.83
4124608,São Carlos do Ivaí,2370,0.9229,61.86,36.0,100.7
4123808,Santa Izabel do Oeste,5176,0.94243999999999994,66.38,36.0,100.63
4114609,Marechal Cândido Rondon,21046,0.96942,61.96,36.0,94.96
4127858,Três Barras do Paraná,4098,0.90166,61.38,36.0,99.98
4124707,São Jerônimo da Serra,3949,0.85479,61.52,36.0,106.13
4122602,Rondon,3371,0.92405,64.5,36.0,99.71
4116208,Morretes,6646,0.96135,64.62,36.0,99.36
4123006,Salto do Lontra,5630,0.93236,62.4,36.0,99.15
4124103,Santo Antônio da Platina,16071,0.93546,64.01,36.0,94.32
4113205,Lapa,16656,0.96117,62.08,36.0,98.66
4116950,Nova Esperança do Sudoeste,2055,0.9302,58.13,36.0,104.94
4117107,Nova Londrina,4752,0.94615,62.21,36.0,96.37
4128500,Wenceslau Braz,7100,0.93043,62.67,36.0,97.59
4104709,Carlópolis,6181,0.93714,65.23,36.0,101.68
4100202,Adrianópolis,2319,0.87444,63.82,36.0,102.39
4103206,Bom Sucesso,2440,0.91324,59.51,36.0,98.28
4120606,Prudentópolis,17679,0.94617,60.6,36.0,102.51
4123956,Santa Mônica,1252,0.89213,60.64,36.0,103.64
4118808,Peabiru,5005,0.92713,64.34,36.0,96.06
4111209,Itapejara d'Oeste,4487,0.94681,62.56,36.0,97.54
4111803,Jacarezinho,14378,0.93162,61.3,36.0,94.38
4113734,Luiziana,2451,0.87747,54.21,36.0,97.23
4109708,Ibaiti,10746,0.91318,64.08,36.0,98.14
4120101,Porto Amazonas,1471,0.96175,59.45,36.0,99.03
4121406,Realeza,7428,0.94089,68.06,36.0,95.08
4121604,Renascença,2501,0.92554,66.35,36.0,97.26
4101408,Apucarana,48133,0.95733,65.55,36.0,92.37
4114807,Marialva,15266,0.95538,65.05,36.0,96.02
4120200,Porto Rico,1129,0.92443,51.71,36.0,101.39
4101507,Arapongas,43965,0.96363,60.49,36.0,94.16
4106308,Corbélia,6417,0.94151,63.56,36.0,94.18
4126801,Tapejara,5815,0.92689,56.19,36.0,96.59
4107009,Curiúva,5044,0.89891,61.62,36.0,101.05
4109500,Guaraqueçaba,2577,0.9082,53.75,36.0,109.12
4103503,Califórnia,3185,0.92649,66.26,36.0,100.46
4107538,Entre Rios do Oeste,1711,0.96429,65.98,36.0,95.01
4123501,Santa Helena,9524,0.94467,65.11,36.0,96.44
4127403,Terra Roxa,6763,0.93008,65.18,36.0,93.89
3300225,Areal,4231,0.94515,67.08,36.0,95.93
3300233,Armação dos Búzios,14920,0.97212,47.73,36.0,97.76
3303856,Paty do Alferes,10881,0.91209,65.42,36.0,93.36
3302858,Mesquita,62611,0.9763,63.7,36.0,88.21
3305109,São João de Meriti,168771,0.9762,60.85,36.0,89.75
3301306,Casimiro de Abreu,16907,0.95575,55.03,36.0,92.63
3304524,Rio das Ostras,59069,0.9736,49.33,36.0,91.69
3305752,Tanguá,11548,0.93663,56.39,36.0,94.88
3305604,Silva Jardim,7887,0.90433,59.01,36.0,97.52
3305208,São Pedro da Aldeia,38338,0.96093,57.64,36.0,93.91
3304508,Rio das Flores,3122,0.92469,65.58,36.0,93.35
3304755,São Francisco de Itabapoana,17278,0.86702,60.38,36.0,98.92
3305703,Sumidouro,5889,0.88254,56.81,36.0,103.7
3300936,Carapebus,5034,0.93706,58.23,36.0,100.65
2401107,Areia Branca,8177,0.87908,54.47,36.0,93.74
2407203,Macau,9656,0.85075,54.55,36.0,94.16
2413805,Taboleiro Grande,824,0.83191,58.73,36.0,95.48
2412401,São José do Seridó,1546,0.88877,63.64,36.0,98.17
2405207,Janduís,1541,0.77283,70.81,36.0,99.41
2408102,Natal,270045,0.93361,65.56,36.0,86.91
2406106,Jucurutu,6346,0.76401,69.4,36.0,98.27
2401008,Apodi,12898,0.79542,61.48,36.0,97.38
2411429,Santana do Seridó,921,0.86093,68.63,36.0,100.74
2408607,Paraná,1295,0.75986,66.71,36.0,110.37
2413409,Serra Negra do Norte,2592,0.78849,73.26,36.0,100.71
2409308,Patu,4030,0.78922,67.64,36.0,93.27
2403202,Doutor Severiano,2407,0.77907,69.06,36.0,93.57
2412906,São Tomé,3523,0.77751,82.19,36.0,99.64
2406908,Lucrécia,1200,0.82493,68.93,36.0,97.62
2401503,Barcelona,1388,0.78663,74.59,36.0,97.72
2402303,Caraúbas,7039,0.80139,73.71,36.0,95.34
2411908,São Francisco do Oeste,1480,0.7837,70.64,36.0,97.86
2403806,Florânia,3398,0.83476,69.12,36.0,99.88
1100346,Alvorada D'Oeste,4814,0.88529,57.08,36.0,101.68
1101435,Nova União,2230,0.89703,50.76,36.0,103.75
1101302,Mirante da Serra,3508,0.89067,56.93,36.0,102.26
1100064,Colorado do Oeste,5991,0.90467,60.62,36.0,99.22
1101757,Vale do Anari,2800,0.8835,46.99,36.0,108.91
4318705,São Leopoldo,84190,0.97618,59.59,36.0,92.33
4301859,Barra do Guarita,1179,0.93833,62.79,36.0,99.68
4308078,Fazenda Vilanova,1646,0.95572,65.27,36.0,97.56
4314803,Portão,12935,0.97091,58.05,36.0,96.39
4323002,Viamão,84612,0.97104,64.74,36.0,91.79
4318200,São Francisco de Paula,8012,0.95237,69.65,36.0,104.38
4300646,Ametista do Sul,2901,0.92605,65.79,36.0,100.47
4311809,Marau,17282,0.98023,62.54,36.0,95.36
4315305,Quaraí,8678,0.96165,71.56,36.0,95.88
4321956,Trindade do Sul,2836,0.93109,66.58,36.0,104.55
4313904,Panambi,16485,0.97906,62.61,36.0,98.53
4323804,Xangri-lá,5802,0.97993,64.1,36.0,96.57
4309100,Gramado,15381,0.98518,63.18,36.0,92.97
4305439,Chuí,2385,0.98355,62.83,36.0,94.53
4309209,Gravataí,101779,0.97585,64.85,36.0,94.05
4310108,Igrejinha,12772,0.97605,54.53,36.0,93.22
4322251,Tupandi,1842,0.98483,57.7,36.0,103.19
4305355,Charqueadas,11998,0.96956,76.05,36.0,115.62
4308508,Frederico Westphalen,12715,0.96599,74.4,36.0,95.3
4304606,Canoas,132824,0.98188,65.17,36.0,91.71
4303608,Cambará do Sul,2419,0.9635,66.48,36.0,104.8
4322004,Triunfo,10566,0.95677,66.57,36.0,99.77
4309654,Hulha Negra,2205,0.93839,59.75,36.0,104.38
4312401,Montenegro,24334,0.97137,65.17,36.0,98.54
4320008,Sapucaia do Sul,50174,0.97362,60.9,36.0,92.47
4319901,Sapiranga,28716,0.97243,51.72,36.0,94.87
4320800,Soledade,11716,0.94509,74.23,36.0,94.87
4304671,Capivari do Sul,1496,0.95738,66.71,36.0,98.85
4320404,Serafina Corrêa,6231,0.9785,75.93,36.0,96.49
4215653,Santa Rosa do Sul,3674,0.9572,63.16,36.0,97.94
4211405,Nova Erechim,1874,0.95599,65.93,36.0,103.27
4205407,Florianópolis,219739,0.98639,76.15,36.0,91.86
4202503,Bom Jardim da Serra,1528,0.94082,60.26,36.0,104.26
4201703,Ascurra,3019,0.95991,70.4,36.0,98.26
4215703,Santo Amaro da Imperatriz,10190,0.97259,59.18,36.0,97.78
4206108,Grão Pará,2178,0.96942,62.61,36.0,101.64
4213302,Ponte Alta,1599,0.92849,67.21,36.0,99.95
4204509,Corupá,5427,0.97628,60.28,36.0,100.01
4208401,Itapiranga,6004,0.97815,62.54,36.0,102.7
4217808,Taió,6835,0.97069,66.99,36.0,100.15
4201208,Antônio Carlos,3777,0.98441,56.54,36.0,100.75
4204301,Concórdia,30419,0.97074,65.91,36.0,97.31
4215307,Salete,2748,0.96756,66.62,36.0,103.28
4218905,Urubici,3956,0.94803,58.8,36.0,100.67
4205308,Faxinal dos Guedes,4035,0.94881,57.42,36.0,101.26
4210100,Mafra,20079,0.97559,61.39,36.0,98.57
4212254,Passo de Torres,4746,0.97462,56.52,36.0,97.99
4205191,Ermo,809,0.94671,68.14,36.0,102.41
4214201,Quilombo,3846,0.94986,75.55,36.0,100.47
4212809,Balneário Piçarras,9836,0.9749,54.92,36.0,97.33
4201505,Armazém,3250,0.95504,61.56,36.0,98.83
4217204,São Miguel do Oeste,17301,0.96687,65.58,36.0,95.67
4202131,Bela Vista do Toldo,2081,0.95611,51.7,36.0,105.75
4207403,Imbuia,2182,0.96167,57.61,36.0,101.08
4209508,Laurentino,2938,0.97308,61.38,36.0,101.22
4218806,Turvo,4820,0.96823,67.0,36.0,95.81
4216404,São João do Sul,3323,0.95291,65.26,36.0,101.49
4218202,Timbó,16734,0.98571,63.21,36.0,95.75
4219200,Vidal Ramos,2330,0.96262,61.78,36.0,106.09
4212502,Penha,11982,0.97847,60.03,36.0,94.89
4219101,Vargeão,1291,0.94891,65.33,36.0,103.81
4217501,Seara,6668,0.96127,63.39,36.0,102.17
4214409,Rio das Antas,2239,0.95763,65.23,36.0,106.3
4211702,Orleans,8553,0.97266,62.52,36.0,98.08
4200705,Alfredo Wagner,3893,0.94009,63.1,36.0,103.28
4217303,Saudades,3598,0.97361,58.83,36.0,102.03
4209607,Lauro Muller,5281,0.97014,63.08,36.0,98.66
4215406,Salto Veloso,1663,0.95579,64.44,36.0,99.91
4210308,Major Vieira,2677,0.95063,59.48,36.0,104.77
2806008,Ribeirópolis,6528,0.79115,66.17,36.0,93.87
2804102,Moita Bonita,4204,0.80787,68.47,36.0,95.75
3510500,Caraguatatuba,48632,0.96487,57.76,36.0,94.55
3542008,Quintana,2520,0.94625,64.88,36.0,95.01
3520905,Ipaussu,4885,0.95443,64.11,36.0,96.22
3524709,Jaguariúna,21443,0.97501,56.97,36.0,94.3
3542602,Registro,21368,0.96367,61.3,36.0,98.49
3550506,São Pedro do Turvo,2609,0.93817,66.39,36.0,100.97
3507506,Botucatu,54424,0.97431,72.8,36.0,92.68
3546306,Santa Cruz das Palmeiras,10419,0.94119,64.92,36.0,97.85
3550209,São Miguel Arcanjo,11243,0.94788,59.19,36.0,101.49
3500709,Agudos,12936,0.96186,59.97,36.0,96.06
3528502,Mairiporã,33058,0.95819,56.76,36.0,98.74
3546801,Santa Isabel,18733,0.94566,60.12,36.0,97.6
3545506,Sandovalina,1219,0.94509,53.18,36.0,101.16
3549953,São Lourenço da Serra,5841,0.93564,61.12,36.0,100.61
3528403,Mairinque,17025,0.96149,57.43,36.0,101.08
3551207,Sarutaiá,1362,0.92803,77.78,36.0,99.68
3527702,Luiziânia,1729,0.92506,63.65,36.0,99.53
3552908,Taciba,2323,0.9426,57.79,36.0,96.98
3532900,Nova Europa,3373,0.94529,59.81,36.0,100.06
3538006,Pindamonhangaba,57994,0.97419,58.62,36.0,93.97
3551108,Sarapuí,3710,0.95666,65.05,36.0,102.36
3556305,Valparaíso,7766,0.95341,53.4,36.0,126.11
3521408,Iracemápolis,7543,0.97129,58.7,36.0,98.46
3529708,Miguelópolis,7138,0.92546,61.3,36.0,96.06
3540606,Porto Feliz,18661,0.96446,65.16,36.0,103.37
3542107,Rafard,3101,0.95734,63.05,36.0,97.64
3545209,Salto,46795,0.97406,55.13,36.0,96.06
3552205,Sorocaba,261545,0.97924,58.94,36.0,93.47
3519006,Herculândia,3307,0.9453,68.17,36.0,96.36
3511706,Charqueada,5340,0.95242,60.64,36.0,99.55
3512100,Colômbia,2323,0.92551,54.49,36.0,101.61
3518107,Guarantã,2295,0.92761,64.21,36.0,97.63
3525805,Júlio Mesquita,1562,0.93803,67.95,36.0,95.59
3521804,Itaí,8665,0.93874,53.75,36.0,107.7
3540903,Pradópolis,5865,0.94298,59.88,36.0,97.71
3505104,Barbosa,2110,0.92554,71.39,36.0,94.82
3556453,Vargem Grande Paulista,17654,0.96775,50.89,36.0,95.49
3500758,Alambari,2139,0.95407,62.33,36.0,101.87
3556354,Vargem,3660,0.95036,65.09,36.0,104.24
3534807,Ouro Verde,2929,0.91794,62.15,36.0,93.51
3512803,Cosmópolis,21683,0.96635,56.07,36.0,96.35
3557303,Estiva Gerbi,3812,0.96363,57.62,36.0,99.98
3519808,Icém,2594,0.95391,79.68,36.0,122.95
3521705,Itaberá,6517,0.94589,64.49,36.0,100.32
3537909,Pilar do Sul,9571,0.94888,63.8,36.0,102.17
3556107,Valentim Gentil,5173,0.9594,63.65,36.0,99.32
3524600,Jacupiranga,5828,0.94443,62.25,36.0,98.19
3525706,José Bonifácio,13333,0.95958,67.04,36.0,97.06
3534906,Pacaembu,3834,0.95086,113.22,36.0,195.35
3500303,Aguaí,11480,0.95034,62.01,36.0,98.05
3552700,Tabatinga,5519,0.94024,63.65,36.0,97.5
3501301,Álvares Machado,9869,0.95774,65.42,36.0,94.35
3508306,Cabrália Paulista,1597,0.93757,65.43,36.0,102.5
3519709,Ibiúna,26352,0.93938,59.44,36.0,100.58
3507001,Boituva,21719,0.96978,57.84,36.0,97.0
3517703,Guará,6681,0.93716,65.29,36.0,95.44
3537008,Pedregulho,5570,0.93996,67.87,36.0,100.4
3502309,Anhembi,2054,0.94361,60.09,36.0,101.92
3519600,Ibitinga,22213,0.96452,64.4,36.0,96.28
3526704,Leme,35758,0.95385,60.97,36.0,96.26
3536208,Pariquera-Açu,6871,0.95069,65.31,36.0,98.01
3536505,Paulínia,37896,0.97814,49.82,36.0,94.24
3540259,Pontalinda,1549,0.89356,63.29,36.0,113.06
3543402,Ribeirão Preto,265935,0.9795,72.23,36.0,90.72
3556800,Viradouro,6230,0.95718,66.28,36.0,97.48
3545308,Salto de Pirapora,15302,0.96647,62.09,36.0,98.43
3509809,Campos Novos Paulista,1808,0.93272,67.54,36.0,101.73
3502200,Angatuba,8493,0.95846,59.22,36.0,100.63
3504305,Avaí,1649,0.93865,65.15,36.0,98.54
3519055,Holambra,5163,0.9651,56.02,36.0,98.4
3528007,Macatuba,5654,0.9494,59.34,36.0,97.69
3529906,Miracatu,6846,0.92094,61.12,36.0,99.07
3518859,Guatapará,2533,0.93329,65.8,36.0,101.1
3526803,Lençóis Paulista,22822,0.96558,59.93,36.0,97.17
3548401,Santópolis do Aguapeí,1470,0.93,60.58,36.0,96.92
3523800,Itobi,2906,0.94214,72.04,36.0,103.44
3553807,Taquarituba,8369,0.94768,63.79,36.0,107.29
3510401,Capivari,17193,0.96909,59.92,36.0,96.13
3536703,Pederneiras,15611,0.9539,61.9,36.0,98.68
3551009,São Vicente,119683,0.96765,63.99,36.0,92.73
3509106,Caiuá,1694,0.92926,91.06,36.0,151.43
3523206,Itararé,16525,0.95613,63.62,36.0,94.87
3523909,Itu,59545,0.96513,57.7,36.0,95.45
3507803,Brodowski,8879,0.96817,66.41,36.0,96.19
3513207,Cristais Paulista,3262,0.94298,59.21,36.0,98.42
3504503,Avaré,33478,0.96576,65.32,36.0,98.06
3516200,Franca,127921,0.97877,65.03,36.0,94.08
3549904,São José dos Campos,247894,0.97862,62.48,36.0,92.72
3554805,Tremembé,15160,0.97197,60.47,36.0,114.59
3509403,Cajuru,8609,0.95159,65.2,36.0,98.85
3509601,Campo Limpo Paulista,26667,0.96768,55.37,36.0,95.31
3532157,Nantes,1027,0.92512,50.18,36.0,96.31
1706258,Crixás do Tocantins,508,0.91059,50.63,36.0,103.88
1718402,Presidente Kennedy,1066,0.88728,57.6,36.0,99.15
1715754,Palmeirópolis,2528,0.8838,58.99,36.0,102.23
1707306,Dueré,1626,0.88685,63.85,36.0,114.55
1717206,Piraquê,793,0.84472,49.12,36.0,119.85
1704105,Centenário,772,0.84769,59.91,36.0,111.41
1700350,Aliança do Tocantins,1852,0.89709,63.26,36.0,100.51
1703107,Barrolândia,1753,0.85841,53.88,36.0,104.3
1712157,Lavandeira,586,0.80892,48.38,36.0,109.27
1720259,São Salvador do Tocantins,858,0.83406,59.05,36.0,105.6
1718758,Rio Sono,1664,0.88101,56.53,36.0,113.92
2927408,Salvador,958575,0.96547,66.4,38.0,83.81
2908002,Coaraci,6661,0.81816,85.88,38.0,91.08
2906600,Candiba,4479,0.81,84.66,38.0,100.86
2918704,Lafaiete Coutinho,1603,0.75292,88.99,38.0,104.36
2922201,Muniz Ferreira,2771,0.8257,67.89,38.0,96.93
2925709,Presidente Jânio Quadros,4429,0.74954,85.45,38.0,103.56
2904407,Brejolândia,3190,0.79519,73.23,38.0,105.92
2908309,Conceição do Almeida,5744,0.85127,75.69,38.0,91.3
2919405,Licínio de Almeida,4014,0.84049,87.89,38.0,102.12
2906402,Candeal,2774,0.81077,83.07,38.0,99.08
2926806,Rio do Antônio,4604,0.75307,86.31,38.0,100.61
2926905,Rio do Pires,3503,0.82263,92.47,38.0,96.57
2929750,Saubara,4431,0.88769,66.02,38.0,90.25
2933208,Vera Cruz,16549,0.91858,67.68,38.0,93.7
2911253,Gavião,1660,0.81624,89.65,38.0,105.47
2922706,Nova Canaã,4995,0.7619,74.47,38.0,101.37
2918902,Lajedão,1486,0.81352,73.05,38.0,96.88
2901205,Anagé,8875,0.74182,87.42,38.0,101.38
2933109,Várzea do Poço,3220,0.81762,82.27,38.0,96.77
2305605,Independência,8466,0.7664,80.77,38.0,99.72
2304269,Deputado Irapuan Pinheiro,3344,0.73384,81.68,38.0,100.09
2309508,Orós,7171,0.77291,77.88,38.0,96.71
2311355,Quixelô,5839,0.70881,82.34,38.0,103.3
3203809,Muqui,5050,0.91907,77.65,38.0,99.49
3200201,Alegre,11364,0.91013,82.62,38.0,96.21
3201902,Domingos Martins,13148,0.92819,67.86,38.0,101.85
3204401,Rio Novo do Sul,4130,0.93135,77.65,38.0,102.47
3205309,Vitória,128617,0.97758,85.2,38.0,86.18
3202108,Ecoporanga,8612,0.85838,71.9,38.0,98.54
3201407,Castelo,14229,0.94137,79.87,38.0,97.42
3204005,Pancas,7140,0.87265,73.45,38.0,101.31
3200169,Água Doce do Norte,4595,0.85295,70.03,38.0,101.04
3200359,Alto Rio Novo,2865,0.87272,67.49,38.0,99.14
3200102,Afonso Cláudio,11496,0.89791,72.8,38.0,100.85
3203106,Jerônimo Monteiro,4367,0.91258,79.93,38.0,96.05
5214606,Niquelândia,13270,0.88434,67.42,38.0,100.82
5203807,Britânia,2138,0.89442,60.04,38.0,101.38
5204656,Campinaçu,1418,0.88937,62.34,38.0,107.61
5209408,Guarani de Goiás,1436,0.82259,65.54,38.0,107.78
5204557,Caldazinha,1710,0.93753,61.54,38.0,108.08
5215306,Orizona,6267,0.94265,77.16,38.0,102.28
5210208,Iporá,13971,0.93,77.74,38.0,95.37
5203906,Buriti Alegre,4184,0.9292,74.15,38.0,100.52
5210802,Itajá,1749,0.90309,78.58,38.0,97.12
5205000,Carmo do Rio Verde,3694,0.91675,71.81,38.0,102.12
5214903,Nova Roma,1157,0.87418,75.32,38.0,108.4
5212204,Jussara,7662,0.90868,67.17,38.0,98.97
5213053,Mimoso de Goiás,980,0.8315,66.67,38.0,106.48
5214051,Mundo Novo,2272,0.86482,63.24,38.0,106.09
5213707,Montes Claros de Goiás,3424,0.91155,64.3,38.0,104.34
5205406,Ceres,8357,0.95491,72.78,38.0,94.29
5212808,Mara Rosa,4088,0.88376,69.19,38.0,103.31
5205208,Caturaí,1962,0.90138,63.93,38.0,101.32
5219704,Santa Terezinha de Goiás,3901,0.88843,72.19,38.0,102.15
5221809,Urutaí,1362,0.93729,73.54,38.0,99.27
3100302,Abre Campo,4896,0.92858,84.04,38.0,101.75
3135506,Jequeri,4489,0.87968,88.03,38.0,99.76
3105905,Barroso,7290,0.95518,70.16,38.0,94.37
3148301,Paula Cândido,3092,0.91794,86.83,38.0,104.7
3152105,Ponte Nova,21250,0.95025,85.03,38.0,91.02
3153509,Alto Jequitibá,3249,0.93115,80.58,38.0,104.66
3142809,Monte Alegre de Minas,7826,0.91769,76.39,38.0,101.0
3110608,Cambuí,11323,0.94792,85.84,38.0,97.64
3113701,Carlos Chagas,7123,0.83693,83.93,38.0,100.27
3115409,Catas Altas da Noruega,1092,0.90614,79.39,38.0,97.21
3127503,Gonzaga,1797,0.85192,79.37,38.0,95.81
3152402,Poté,5052,0.83191,83.58,38.0,94.17
3120839,Cuparaque,1608,0.85714,72.57,38.0,98.65
3144607,Nepomuceno,8845,0.92371,83.88,38.0,97.3
3151800,Poços de Caldas,63169,0.9776,85.99,38.0,91.43
3152709,Prados,3261,0.94736,77.27,38.0,99.91
3161304,São Francisco de Sales,2309,0.92261,56.54,38.0,105.52
3171154,Vermelho Novo,1798,0.90525,73.7,38.0,104.89
3123908,Entre Rios de Minas,5464,0.93811,83.51,38.0,95.86
3129301,Iapu,4054,0.89822,80.02,38.0,101.17
3115474,Catuti,1712,0.77972,68.88,38.0,99.71
3141009,Mato Verde,4630,0.82786,77.86,38.0,93.6
3170479,Uruana de Minas,1266,0.87893,70.58,38.0,99.51
3135076,Jampruca,1573,0.82646,77.63,38.0,103.89
3136702,Juiz de Fora,210953,0.9777,89.2,38.0,88.68
3118403,Conselheiro Pena,7998,0.89299,78.23,38.0,96.94
3131109,Inimutaba,2767,0.90731,85.76,38.0,98.36
3105608,Barbacena,46664,0.96168,85.69,38.0,90.49
3160306,Santo Antônio do Jacinto,3782,0.77103,78.46,38.0,102.37
3120508,Cristina,3671,0.93836,79.46,38.0,105.71
3123106,Dores de Guanhães,1744,0.85683,77.67,38.0,102.78
3163201,São José do Alegre,1510,0.95721,81.72,38.0,103.9
3169604,Tupaciguara,9774,0.93816,79.95,38.0,98.44
3128709,Guaxupé,19114,0.95247,82.24,38.0,95.29
3123007,Dores de Campos,3675,0.95226,73.23,38.0,99.5
3162575,São João do Manteninha,2119,0.86719,74.87,38.0,94.56
3104106,Arceburgo,3368,0.92548,87.89,38.0,99.89
3120805,Cruzília,5763,0.92981,85.18,38.0,97.43
3126901,Frei Inocêncio,3021,0.87272,77.21,38.0,95.07
3153400,Presidente Olegário,7318,0.92367,75.72,38.0,105.87
3165008,São Tiago,4128,0.94749,82.35,38.0,102.02
3101102,Aimorés,9535,0.90042,79.58,38.0,97.09
3136553,José Raydan,1576,0.85432,76.72,38.0,97.78
3144508,Nazareno,2976,0.9454,78.55,38.0,103.46
3122306,Divinópolis,87088,0.97129,74.51,38.0,93.1
3139102,Madre de Deus de Minas,1914,0.92731,76.38,38.0,99.65
3106200,Belo Horizonte,889584,0.97776,91.12,38.0,86.77
3142205,Miraí,4990,0.94175,81.71,38.0,96.53
3143609,Morro da Garça,917,0.89357,86.63,38.0,105.37
3102605,Andradas,15157,0.93765,79.31,38.0,98.09
3112406,Capetinga,2384,0.92092,83.28,38.0,105.71
3110202,Cajuri,1432,0.91101,82.98,38.0,104.71
3159803,Santa Vitória,8276,0.91781,70.84,38.0,100.79
3104304,Areado,5102,0.94545,77.85,38.0,99.33
3134202,Ituiutaba,39977,0.94105,77.51,38.0,92.4
3140506,Martinho Campos,5315,0.93538,78.8,38.0,100.73
3166105,Senhora do Porto,1114,0.8407,83.67,38.0,99.29
3144706,Nova Era,6224,0.94114,73.73,38.0,92.37
3151107,Pirapetinga,4244,0.93942,75.88,38.0,94.06
3109006,Brumadinho,13868,0.95877,71.19,38.0,100.16
3115102,Cássia,6408,0.92893,86.41,38.0,100.25
3132206,Itaguara,5202,0.94574,78.21,38.0,100.43
3116407,Claraval,1661,0.93646,82.52,38.0,108.13
3144300,Nanuque,13272,0.89179,74.08,38.0,91.52
3164100,São Pedro do Suaçuí,1849,0.86209,95.62,38.0,98.33
3165305,São Vicente de Minas,2502,0.94696,81.69,38.0,96.31
3118700,Coqueiral,3250,0.94021,87.02,38.0,101.09
3137502,Lagoa Formosa,7046,0.93964,83.64,38.0,99.54
3113602,Careaçu,2435,0.93149,74.26,38.0,102.5
3139607,Mantena,10157,0.88482,77.48,38.0,93.32
3149903,Perdões,7773,0.94759,84.23,38.0,97.16
3157278,Santa Bárbara do Monte Verde,1209,0.9062,72.83,38.0,104.16
3168408,Tarumirim,5230,0.87976,86.82,38.0,97.52
3106507,Berilo,3569,0.83534,79.06,38.0,101.48
3128501,Guarará,1150,0.93313,82.38,38.0,96.69
3164308,São Roque de Minas,2730,0.94255,82.57,38.0,104.74
3170305,Umburatiba,1040,0.80413,75.6,38.0,106.94
3110004,Caeté,13577,0.96452,78.94,38.0,93.89
3172103,Volta Grande,1672,0.92608,88.03,38.0,94.44
3127206,Funilândia,1707,0.93757,75.42,38.0,101.46
3155108,Rio do Prado,1731,0.79363,78.95,38.0,108.59
3108206,Bonfinópolis de Minas,2094,0.90737,72.81,38.0,102.19
3125309,Faria Lemos,1186,0.91499,84.67,38.0,98.51
3136405,Joaquim Felício,1462,0.86909,81.44,38.0,101.78
3162203,São João Batista do Glória,2808,0.94583,81.43,38.0,101.0
3104700,Ataléia,4948,0.80009,84.44,38.0,104.28
3132909,Itamogi,4048,0.94274,82.14,38.0,100.75
3128105,Guapé,5179,0.93766,74.4,38.0,107.07
3130655,Indaiabira,2158,0.74207,78.95,38.0,104.25
3131000,Inhaúma,2232,0.94389,77.78,38.0,99.46
3142601,Monsenhor Paulo,3004,0.91757,79.99,38.0,104.26
3157500,Santa Efigênia de Minas,1470,0.83621,82.05,38.0,95.31
3168705,Timóteo,30026,0.96877,69.93,38.0,90.75
3142403,Moema,2824,0.9475,77.89,38.0,95.95
3149507,Pequeri,1290,0.95983,80.27,38.0,91.49
3158607,Santana do Deserto,1326,0.93585,83.28,38.0,98.99
3165701,Senador Firmino,2914,0.93078,89.29,38.0,101.04
3132008,Itacambira,1457,0.88515,82.5,38.0,110.7
3159506,Santa Rita do Itueto,2203,0.86728,70.85,38.0,100.34
3150000,Pescador,1270,0.80807,85.88,38.0,97.78
3168804,Tiradentes,2866,0.95646,72.12,38.0,94.23
3127057,Fronteira dos Vales,1519,0.78985,78.4,38.0,101.25
3136801,Juramento,1384,0.8797,72.66,38.0,99.68
3133105,Itanhandu,5491,0.96389,75.73,38.0,96.26
3136603,Nova União,2172,0.90681,69.14,38.0,100.51
3104205,Arcos,15057,0.96662,70.42,38.0,98.54
3138302,Leandro Ferreira,1210,0.90084,83.25,38.0,101.58
3156452,Rosário da Limeira,1888,0.89828,86.83,38.0,101.88
3158300,Santana da Vargem,2347,0.92563,82.95,38.0,98.02
3153004,Pratinha,1355,0.90587,72.22,38.0,109.97
3138906,Machacalis,2434,0.84431,85.02,38.0,100.84
3164431,São Sebastião da Vargem Alegre,1177,0.92197,73.45,38.0,105.34
3113305,Carangola,12170,0.93163,86.05,38.0,92.77
3117108,Conceição da Aparecida,3804,0.94264,75.3,38.0,105.81
3102001,Alterosa,5280,0.9381,84.58,38.0,100.94
3120409,Cristiano Otoni,1621,0.95034,73.84,38.0,97.25
3127305,Galiléia,2305,0.87238,75.44,38.0,97.4
3146750,Palmópolis,2368,0.78339,86.01,38.0,102.87
5003801,Fátima do Sul,7847,0.92376,77.15,38.0,92.34
5007976,Taquarussu,1377,0.88771,67.61,38.0,100.94
5002605,Camapuã,5434,0.9363,63.59,38.0,104.22
5100102,Acorizal,1821,0.89567,75.61,38.0,110.67
5107107,São José dos Quatro Marcos,6780,0.90802,65.64,38.0,98.23
5107701,Rosário Oeste,5523,0.86359,66.58,38.0,108.8
5103809,Figueirópolis D'Oeste,1211,0.91005,65.11,38.0,102.35
5100508,Alto Paraguai,3016,0.90597,58.63,38.0,112.55
5108352,Vale de São Domingos,1098,0.8847,59.07,38.0,108.02
5106851,Porto Estrela,1179,0.77765,66.77,38.0,112.52
5107750,Salto do Céu,1385,0.88987,62.28,38.0,102.25
2500700,São João do Rio do Peixe,6317,0.78594,84.92,38.0,98.3
2514800,São José dos Cordeiros,1288,0.82151,79.51,38.0,100.29
2513307,Santa Helena,2078,0.78162,90.33,38.0,101.27
2612000,Sairé,4118,0.76448,76.98,38.0,98.31
2202851,Coronel José Dias,1485,0.75225,70.11,38.0,110.6
2205599,Lagoa do Sítio,1581,0.6909,69.66,38.0,105.92
2210375,São Luis do Piauí,832,0.73547,75.58,38.0,94.36
2210383,São Miguel da Baixa Grande,807,0.70818,83.18,38.0,98.86
2209005,Rio Grande do Piauí,2115,0.7787,82.35,38.0,100.52
2206902,Novo Oriente do Piauí,2255,0.7493,80.57,38.0,99.51
2206951,Novo Santo Antônio,1005,0.70861,80.67,38.0,100.35
2209351,Santana do Piauí,1400,0.73251,76.96,38.0,96.43
2209906,São João da Serra,2165,0.71769,85.46,38.0,98.38
2204006,Francinópolis,1643,0.70957,78.44,38.0,95.7
2211506,Vera Mendes,1221,0.68307,80.99,38.0,99.44
2207553,Paquetá,1292,0.65719,70.28,38.0,105.44
4109302,Guaraniaçu,5255,0.91599,75.66,38.0,100.69
4113809,Lupionópolis,1869,0.91207,76.31,38.0,96.05
4120655,Quarto Centenário,1547,0.9038,65.84,38.0,95.4
4108601,Goioerê,10761,0.92758,72.97,38.0,92.45
4115309,Mariópolis,2417,0.94025,71.48,38.0,99.59
4111308,Itaúna do Sul,1313,0.85888,75.97,38.0,95.19
4115739,Mato Rico,1223,0.84589,71.17,38.0,109.29
4103602,Cambará,8363,0.94748,77.72,38.0,96.06
4110607,Iporã,5761,0.92308,77.31,38.0,97.0
4114005,Mamborê,5229,0.92294,74.63,38.0,94.84
4103156,Bom Jesus do Sul,1540,0.89707,76.34,38.0,104.21
4127304,Terra Rica,5526,0.92199,70.36,38.0,96.5
4115705,Matinhos,15010,0.97019,70.03,38.0,94.71
4118709,Paulo Frontin,2301,0.96381,78.69,38.0,108.72
4126504,Sertanópolis,5839,0.9484,81.11,38.0,94.77
4120705,Quatiguá,3149,0.9362,77.43,38.0,92.88
4106571,Cruzeiro do Iguaçu,1547,0.92166,67.32,38.0,100.34
4102000,Assis Chateaubriand,13907,0.94153,78.27,38.0,95.2
4125209,São Jorge d'Oeste,3557,0.93899,76.03,38.0,98.02
4110805,Iretama,3956,0.8754,70.54,38.0,102.66
4106001,Congonhinhas,3152,0.8812,68.23,38.0,99.57
4106100,Conselheiro Mairinck,1341,0.91896,76.36,38.0,99.14
4116505,Nova Aliança do Ivaí,480,0.90951,63.35,38.0,100.76
4113452,Lindoeste,1877,0.91106,69.72,38.0,102.15
4108106,Flórida,968,0.91862,70.62,38.0,97.47
4124905,São João do Caiuá,2179,0.87514,67.63,38.0,97.18
4105300,Céu Azul,4177,0.95139,76.84,38.0,96.79
4126702,Tamboara,1865,0.91641,72.42,38.0,95.2
4102406,Bandeirantes,11315,0.93632,79.87,38.0,93.59
4110409,Indianópolis,1667,0.92849,81.77,38.0,100.54
4104501,Capanema,7854,0.95402,77.19,38.0,98.52
4121109,Quinta do Sol,1797,0.88048,73.13,38.0,101.33
4118600,Paula Freitas,2056,0.95839,63.75,38.0,104.84
4121356,Rancho Alegre D'Oeste,969,0.9033,72.89,38.0,96.1
4125456,São José das Palmeiras,1513,0.88956,66.51,38.0,99.55
4121802,Ribeirão Claro,4583,0.94599,79.2,38.0,97.44
4124004,Santana do Itararé,2099,0.8876,72.58,38.0,101.68
4113007,Jussara,2496,0.94005,68.24,38.0,98.52
4120150,Porto Barreiro,1133,0.92985,70.38,38.0,106.92
4120358,Pranchita,2148,0.9242,78.15,38.0,95.07
4112306,Japira,1833,0.91068,72.21,38.0,104.36
4107124,Diamante do Sul,1183,0.85053,63.99,38.0,105.38
4100459,Altamira do Paraná,1330,0.89396,72.78,38.0,102.6
4118907,Pérola,4537,0.9234,80.76,38.0,95.94
4101200,Antonina,6523,0.94505,72.34,38.0,99.15
4115002,Marilena,2656,0.90192,69.67,38.0,101.81
4127908,Tuneiras do Oeste,3075,0.89354,68.54,38.0,99.04
3301504,Cordeiro,7959,0.95728,81.02,38.0,89.8
3304557,Rio de Janeiro,2436971,0.97667,86.44,38.0,86.6
3304904,São Gonçalo,358103,0.96976,78.16,38.0,88.67
3303708,Paraíba do Sul,15203,0.95332,71.28,38.0,88.83
3305000,São João da Barra,14464,0.94308,69.16,38.0,94.99
3306206,Vassouras,12879,0.94537,77.76,38.0,88.56
3305802,Teresópolis,64415,0.95074,76.96,38.0,90.55
3300605,Bom Jesus do Itabapoana,13384,0.9273,81.8,38.0,92.08
3301603,Duas Barras,4151,0.89581,70.5,38.0,97.27
3303609,Paracambi,16107,0.96554,75.91,38.0,92.89
3300308,Barra do Piraí,34992,0.96413,79.13,38.0,88.31
3304300,Rio Bonito,21187,0.94785,73.42,38.0,93.39
3300258,Arraial do Cabo,11542,0.96819,76.01,38.0,92.36
2400109,Acari,3810,0.86806,84.49,38.0,93.16
2412807,São Rafael,2734,0.78501,85.29,38.0,103.35
2400901,Antônio Martins,2372,0.78169,79.72,38.0,98.28
2407401,Martins,2961,0.84617,87.49,38.0,95.3
2411403,Santana do Matos,4476,0.74353,83.26,38.0,100.03
2403004,Cruzeta,2936,0.8432,79.64,38.0,96.01
2403707,Felipe Guerra,2064,0.8262,82.63,38.0,97.67
2406007,José da Penha,2142,0.77133,90.5,38.0,95.52
2408508,Ouro Branco,1770,0.83917,87.87,38.0,99.55
2403905,Francisco Dantas,987,0.78097,81.14,38.0,99.41
2413607,Severiano Melo,1983,0.78116,78.96,38.0,99.24
2410603,Rafael Godeiro,1070,0.80208,77.69,38.0,99.05
2408706,Paraú,1227,0.76815,84.75,38.0,100.39
2413557,Serrinha dos Pintos,1681,0.79372,80.55,38.0,100.73
2410009,Pilões,1045,0.78693,89.42,38.0,99.13
1100296,Santa Luzia D'Oeste,2758,0.90447,61.65,38.0,101.22
1100908,Castanheiras,1198,0.89806,60.95,38.0,105.27
1101559,Teixeirópolis,1582,0.89959,66.54,38.0,102.76
1101807,Vale do Paraíso,2446,0.89498,65.95,38.0,104.19
1101609,Theobroma,3007,0.88381,54.7,38.0,106.75
1100031,Cabixi,1967,0.89824,64.14,38.0,102.15
4305702,Condor,2394,0.95938,79.09,38.0,97.78
4309159,Gramado Xavier,1244,0.91735,69.09,38.0,107.02
4315149,Presidente Lucena,1112,0.97786,70.07,38.0,106.79
4321436,Terra de Areia,4009,0.95464,75.9,38.0,96.73
4322202,Tupanciretã,7796,0.95416,75.71,38.0,95.04
4305447,Chuvisca,1669,0.9297,64.82,38.0,105.41
4310207,Ijuí,32532,0.97113,82.37,38.0,93.27
4305975,Coxilha,1018,0.95972,73.96,38.0,100.53
4312500,Mostardas,4593,0.92475,82.92,38.0,102.51
4308854,Gentil,646,0.95167,83.98,38.0,103.03
4318309,São Gabriel,22285,0.94232,80.48,38.0,93.05
4303509,Camaquã,23858,0.95196,78.22,38.0,95.53
4309407,Guaporé,9641,0.97443,83.27,38.0,93.57
4310009,Ibirubá,8366,0.97773,86.18,38.0,96.8
4312617,Muitos Capões,1096,0.96559,70.33,38.0,108.77
4318002,São Borja,22559,0.94877,80.36,38.0,95.87
4322541,Vale Real,2263,0.98207,62.65,38.0,101.6
4305801,Constantina,3790,0.95607,85.95,38.0,96.13
4307807,Estrela,12417,0.97987,80.19,38.0,93.79
4306056,Cristal,2766,0.92817,76.61,38.0,99.92
4313953,Pantano Grande,3971,0.92703,76.39,38.0,98.06
4320859,Tabaí,1744,0.94663,71.96,38.0,98.8
4316501,Salvador do Sul,2669,0.97943,86.85,38.0,98.87
4320701,Sobradinho,5586,0.95279,83.72,38.0,94.24
4313805,Palmitinho,3005,0.92996,81.82,38.0,99.97
4309555,Harmonia,2022,0.98598,77.06,38.0,99.7
4316808,Santa Cruz do Sul,53650,0.97747,81.68,38.0,90.94
4306502,Dom Feliciano,5088,0.91406,77.33,38.0,107.22
4306429,Dois Irmãos das Missões,798,0.89791,81.2,38.0,100.38
4321204,Taquara,20888,0.96726,74.75,38.0,94.25
4301008,Arroio do Meio,8407,0.98352,81.67,38.0,98.0
4307708,Esteio,29282,0.98033,79.06,38.0,90.58
4302402,Bom Retiro do Sul,4864,0.97036,71.33,38.0,97.15
4305371,Charrua,959,0.93734,101.98,38.0,102.04
4313300,Nova Prata,9881,0.97953,81.32,38.0,95.41
4311734,Mampituba,1233,0.92561,76.95,38.0,106.8
4314407,Pelotas,130721,0.97189,86.61,38.0,87.65
4320206,Seberi,4699,0.95135,80.83,38.0,95.77
4321667,Três Cachoeiras,4203,0.96742,79.56,38.0,101.32
4322707,Vera Cruz,10337,0.96942,78.85,38.0,94.96
4306403,Dois Irmãos,11923,0.98632,64.09,38.0,94.16
4319505,São Sebastião do Caí,9430,0.96999,72.07,38.0,95.17
4304804,Carlos Barbosa,11650,0.98111,77.32,38.0,98.68
4317301,Santa Vitória do Palmar,12518,0.95908,83.34,38.0,97.73
4211850,Ouro Verde,787,0.92723,65.4,38.0,103.26
4215356,Saltinho,1356,0.92016,79.46,38.0,102.34
4220000,Balneário Rincão,5815,0.96565,71.77,38.0,100.14
4215109,Rodeio,4697,0.96672,84.14,38.0,99.33
4202206,Benedito Novo,3715,0.97107,73.26,38.0,103.68
4218103,Timbé do Sul,1998,0.94135,79.38,38.0,105.49
4200507,Águas de Chapecó,2274,0.92523,72.14,38.0,101.2
4216107,São Domingos,3453,0.93134,78.64,38.0,98.45
4212700,Petrolândia,2443,0.956,75.26,38.0,98.93
4203402,Campo Belo do Sul,2675,0.89633,66.55,38.0,107.05
4216206,São Francisco do Sul,19370,0.97559,66.91,38.0,98.31
4206009,Governador Celso Ramos,6156,0.95197,74.87,38.0,101.42
4217907,Tangará,3050,0.97377,76.46,38.0,103.78
4200556,Águas Frias,1026,0.94835,75.14,38.0,104.39
4208708,Jacinto Machado,3951,0.95009,78.44,38.0,101.06
4210852,Mirim Doce,902,0.94409,79.07,38.0,102.66
4217600,Siderópolis,4961,0.97016,73.82,38.0,97.64
4202859,Braço do Trombudo,1494,0.97138,72.04,38.0,95.72
4219150,Vargem,1009,0.94217,65.4,38.0,105.88
4210050,Macieira,648,0.94437,75.7,38.0,104.84
4211454,Nova Itaberaba,1684,0.95556,75.46,38.0,109.71
4214904,Rio Fortuna,1582,0.98845,77.83,38.0,107.31
4209458,Lajeado Grande,584,0.94194,81.43,38.0,103.83
4210902,Modelo,1531,0.95559,75.45,38.0,100.99
4202156,Belmonte,953,0.92887,81.85,38.0,100.91
4214706,Rio dos Cedros,3850,0.98129,81.39,38.0,101.05
4201802,Atalanta,1200,0.9654,73.2,38.0,104.24
4213104,Piratuba,2284,0.96572,81.25,38.0,98.38
4200606,Águas Mornas,2460,0.95336,76.53,38.0,100.68
4201000,Anita Garibaldi,3125,0.91403,77.34,38.0,97.87
4215752,São Bernardino,979,0.91032,74.25,38.0,107.58
4208005,Itá,2693,0.95468,83.98,38.0,100.43
4217253,São Pedro de Alcântara,1742,0.96453,102.24,38.0,149.4
4211256,Morro Grande,1088,0.94223,73.19,38.0,102.69
3543709,Rincão,3319,0.94063,70.06,38.0,98.47
3532058,Motuca,1412,0.93004,68.31,38.0,102.31
3534757,Ouroeste,4044,0.94469,72.91,38.0,97.13
3535903,Paranapuã,1531,0.93229,82.34,38.0,99.85
3537107,Pedreira,15759,0.9674,75.16,38.0,95.96
3539202,Pirapozinho,9237,0.95602,71.51,38.0,94.76
3533502,Novo Horizonte,14750,0.94656,78.28,38.0,97.01
3505807,Bastos,7537,0.95795,73.49,38.0,95.61
3502507,Aparecida,11364,0.97033,76.81,38.0,92.15
3547908,Santo Antônio da Alegria,2566,0.95634,81.88,38.0,104.37
3511003,Castilho,7326,0.93527,68.95,38.0,97.15
3524204,Jaborandi,2278,0.95012,75.21,38.0,98.25
3511201,Catiguá,2510,0.95045,73.19,38.0,99.18
3527108,Lins,28432,0.97012,80.27,38.0,92.25
3528809,Maracaí,4828,0.94836,73.23,38.0,97.52
3534708,Ourinhos,38002,0.96765,74.77,38.0,90.77
3542404,Regente Feijó,7519,0.95609,76.72,38.0,96.67
3521606,Irapuru,2360,0.94205,123.03,38.0,134.45
3543303,Ribeirão Pires,41451,0.97179,74.62,38.0,93.18
3547809,Santo André,280389,0.97993,83.84,38.0,90.21
3528601,Manduri,3689,0.95208,78.86,38.0,98.21
3529807,Mineiros do Tietê,4138,0.94109,74.12,38.0,98.44
3543253,Ribeirão Grande,2673,0.91516,69.64,38.0,105.57
3505203,Bariri,11749,0.96134,81.09,38.0,96.1
3502804,Araçatuba,77774,0.97399,81.5,38.0,90.71
3546108,Santa Clara d'Oeste,949,0.9369,78.46,38.0,100.93
3553104,Taiaçu,2086,0.92034,80.55,38.0,102.68
3503208,Araraquara,92512,0.97617,77.37,38.0,92.17
3505906,Batatais,21423,0.96309,82.93,38.0,94.4
3535606,Paraibuna,6628,0.93341,76.68,38.0,101.93
3542206,Rancharia,10746,0.95087,74.59,38.0,93.41
3515400,Fartura,6221,0.95361,80.61,38.0,95.39
3518909,Guzolândia,1630,0.90026,75.03,38.0,105.12
3522802,Itaporanga,5221,0.92352,74.36,38.0,96.47
3530409,Mirassolândia,1721,0.95297,78.45,38.0,101.16
3547106,Santa Mercedes,1142,0.93693,70.64,38.0,97.2
3556701,Vinhedo,27415,0.9801,70.09,38.0,94.64
3530300,Mirassol,23213,0.9718,70.57,38.0,94.08
3539301,Pirassununga,27609,0.96916,82.39,38.0,93.09
3525300,Jaú,48521,0.9692,79.2,38.0,93.37
3525904,Jundiaí,163219,0.97982,75.59,38.0,93.14
3529500,Mendonça,2315,0.94813,79.95,38.0,102.33
3529658,Mesópolis,743,0.88966,74.04,38.0,102.91
3538808,Piraju,11021,0.96698,84.88,38.0,93.77
3554409,Terra Roxa,2927,0.96066,78.12,38.0,99.44
3519501,Ibirarema,2403,0.94606,79.81,38.0,97.86
3502408,Anhumas,1481,0.9436,75.5,38.0,96.05
3519105,Iacanga,3957,0.96522,71.09,38.0,98.27
3520103,Igarapava,9857,0.94835,78.14,38.0,93.33
3545803,Santa Bárbara d'Oeste,66074,0.97409,72.06,38.0,96.32
3539608,Planalto,1645,0.9208,67.92,38.0,98.33
3506508,Birigui,45368,0.96713,72.45,38.0,93.67
3507704,Braúna,1965,0.92221,79.0,38.0,96.41
3515350,Euclides da Cunha Paulista,3022,0.88375,66.49,38.0,96.38
3543600,Rifaina,1455,0.95446,78.62,38.0,100.54
3504008,Assis,38161,0.97381,77.1,38.0,92.86
3507902,Brotas,8624,0.96798,74.24,38.0,94.37
3503356,Arco-Íris,733,0.92485,76.9,38.0,101.78
3525508,Joanópolis,4663,0.93616,77.4,38.0,102.67
3527504,Lucianópolis,890,0.93242,98.76,38.0,101.36
3534302,Orlândia,13559,0.96453,76.61,38.0,93.3
3535002,Palestina,4452,0.93526,84.12,38.0,99.41
3501608,Americana,89205,0.98332,80.0,38.0,93.28
3507209,Borá,322,0.9436,71.67,38.0,102.46
3524907,Jambeiro,2297,0.94159,67.52,38.0,100.66
3517000,Getulina,3408,0.94516,90.04,38.0,121.52
3529302,Matão,28821,0.9626,76.48,38.0,96.29
3541406,Presidente Prudente,85268,0.97545,81.77,38.0,91.56
3510005,Cândido Mota,10895,0.95314,80.6,38.0,94.51
3513405,Cruzeiro,26776,0.97744,74.31,38.0,92.32
3527801,Lupércio,1472,0.91677,72.74,38.0,95.05
3549607,São José do Barreiro,1446,0.92139,73.3,38.0,100.05
3550605,São Roque,28469,0.96293,71.11,38.0,95.21
3529203,Martinópolis,8845,0.94087,77.81,38.0,105.88
3557105,Votuporanga,37348,0.96696,83.82,38.0,93.06
3512902,Cosmorama,3267,0.93999,90.66,38.0,99.06
3508801,Cafelândia,6247,0.94252,75.95,38.0,93.56
3526100,Juquiá,6343,0.93075,71.96,38.0,100.19
3518404,Guaratinguetá,41905,0.97673,75.77,38.0,91.92
3527900,Lutécia,1036,0.93776,74.8,38.0,97.84
3541653,Quadra,1195,0.94348,73.64,38.0,103.89
3545407,Salto Grande,3354,0.92729,83.17,38.0,94.79
3553708,Taquaritinga,19812,0.95015,81.36,38.0,94.56
3553302,Tambaú,7621,0.96309,75.92,38.0,96.35
3502101,Andradina,21911,0.96258,83.41,38.0,98.71
3504909,Bananal,3710,0.94622,81.54,38.0,94.25
3506102,Bebedouro,28032,0.97305,80.87,38.0,93.81
3521903,Itajobi,6216,0.95557,89.43,38.0,99.8
3522158,Itaóca,1262,0.90084,68.92,38.0,99.53
3545605,Santa Adélia,5249,0.95621,82.75,38.0,97.16
3533007,Nova Granada,7285,0.9467,73.26,38.0,98.05
3540705,Porto Ferreira,19049,0.96156,75.46,38.0,94.84
3544905,Sales Oliveira,4096,0.96852,78.28,38.0,93.44
3546256,Santa Cruz da Esperança,768,0.9567,82.8,38.0,100.0
1702703,Aurora do Tocantins,1273,0.83753,67.34,38.0,103.78
1713700,Monte Santo do Tocantins,882,0.89387,61.04,38.0,108.17
1702000,Araguaçu,3052,0.88889,71.76,38.0,106.16
1706100,Cristalândia,2346,0.88937,67.32,38.0,103.42
1711506,Jaú do Tocantins,1237,0.89516,66.47,38.0,107.34
2909000,Cordeiros,2639,0.76006,95.86,40.0,96.2
2912004,Ibiassucê,3531,0.82592,102.22,40.0,99.83
2911659,Guajeru,2770,0.78255,103.63,40.0,99.65
2921807,Mortugaba,3841,0.84626,92.02,40.0,97.15
3203130,João Neiva,5158,0.93273,87.54,40.0,93.79
3202900,Itarana,3913,0.92608,104.86,40.0,98.59
3202603,Iconha,4640,0.94436,90.49,40.0,99.35
3200300,Alfredo Chaves,5196,0.94211,94.69,40.0,102.78
5220280,São Patrício,832,0.90541,86.65,40.0,97.88
5211008,Itapirapuã,3136,0.87305,75.32,40.0,100.07
5207352,Edealina,1648,0.91482,83.9,40.0,100.65
5218391,Professor Jamil,1428,0.91174,84.62,40.0,105.93
5211206,Itapuranga,10514,0.90752,88.19,40.0,97.95
5217203,Piranhas,4612,0.90231,83.72,40.0,100.72
5215900,Palminópolis,1519,0.92658,83.13,40.0,97.79
5204250,Cachoeira Dourada,3019,0.89517,80.38,40.0,99.64
5215405,Ouro Verde de Goiás,1512,0.90931,77.44,40.0,102.24
5214101,Mutunópolis,1378,0.87261,71.86,40.0,104.12
5215652,Palestina de Goiás,1203,0.88759,72.98,40.0,102.59
5203939,Buriti de Goiás,1108,0.89885,86.11,40.0,100.88
5217104,Piracanjuba,9932,0.93395,91.86,40.0,101.12
5206909,Davinópolis,768,0.91826,91.37,40.0,101.91
5200852,Americano do Brasil,2107,0.88564,85.09,40.0,96.09
5221007,Taquaral de Goiás,1612,0.91063,83.11,40.0,96.1
5216304,Paranaiguara,3067,0.89957,91.79,40.0,91.27
5207808,Firminópolis,4054,0.91243,95.38,40.0,94.6
5204953,Campos Verdes,1500,0.84515,70.75,40.0,99.45
3116506,Claro dos Poções,2797,0.87198,85.52,40.0,101.41
3121100,Delfim Moreira,2980,0.94011,86.79,40.0,106.33
3160009,Santo Antônio do Aventureiro,1455,0.9109,103.48,40.0,98.47
3145703,Oliveira Fortes,758,0.8762,89.81,40.0,95.47
3146008,Ouro Fino,12246,0.94181,96.2,40.0,98.14
3150505,Pimenta,3314,0.93591,88.93,40.0,102.05
3142304,Moeda,1857,0.94075,94.84,40.0,99.42
3145802,Onça de Pitangui,1118,0.90065,78.78,40.0,101.84
3112653,Capitão Andrade,1791,0.85487,87.37,40.0,93.71
3100708,Água Comprida,822,0.93213,83.07,40.0,103.08
3102100,Alto Rio Doce,3990,0.89856,105.89,40.0,102.02
3171907,Virgolândia,1785,0.83199,96.46,40.0,94.28
3115300,Cataguases,25400,0.96033,94.88,40.0,93.08
3123403,Doresópolis,577,0.94152,88.26,40.0,98.51
3149101,Pedralva,3885,0.92522,88.78,40.0,102.67
3161403,São Francisco do Glória,1798,0.88867,89.66,40.0,104.17
3123502,Douradoquara,719,0.93692,95.05,40.0,104.36
3170578,Vargem Alegre,2207,0.86279,92.36,40.0,96.87
3143708,Morro do Pilar,1117,0.84607,98.64,40.0,96.8
3144201,Nacip Raydan,925,0.82175,93.26,40.0,95.31
3126307,Fortaleza de Minas,1390,0.92115,91.97,40.0,104.17
3142502,Monjolos,828,0.86583,108.5,40.0,97.72
3166402,Seritinga,693,0.94648,97.56,40.0,98.36
3153707,Quartel Geral,1302,0.90583,112.13,40.0,102.23
3102308,Alvinópolis,5592,0.92956,98.43,40.0,97.75
3109709,Cachoeira de Minas,4359,0.93661,89.52,40.0,103.62
3108008,Bom Sucesso,6375,0.91063,103.49,40.0,96.91
3132602,Itamarati de Minas,1385,0.93049,98.28,40.0,101.2
3141603,Mercês,4065,0.89955,101.41,40.0,99.56
3151701,Poço Fundo,6118,0.95021,99.92,40.0,101.7
3104809,Augusto de Lima,1707,0.90218,86.05,40.0,103.86
3117603,Conceição do Pará,2067,0.93039,88.47,40.0,104.49
3114303,Carmo do Paranaíba,11056,0.9449,89.3,40.0,100.96
3114006,Carmo da Mata,4252,0.94773,106.05,40.0,98.58
3127370,Goiabeira,1141,0.84259,78.27,40.0,91.35
3107802,Bom Jesus do Galho,5560,0.85723,91.75,40.0,103.47
3111903,Cana Verde,1942,0.90707,103.14,40.0,102.54
3111705,Canaã,1703,0.88348,94.45,40.0,98.69
3168051,Taparuba,1314,0.85673,96.67,40.0,100.65
3106903,Bicas,5463,0.95748,102.38,40.0,91.51
3114907,Casa Grande,765,0.94827,99.12,40.0,106.15
3131505,Ipuiúna,3347,0.9153,85.63,40.0,103.36
3146503,Pains,3043,0.95634,91.26,40.0,98.92
3167806,Soledade de Minas,2121,0.94252,87.51,40.0,96.81
3140308,Marliéria,1712,0.9062,82.94,40.0,100.35
3155009,Rio Doce,921,0.8986,114.53,40.0,95.44
3163805,São Miguel do Anta,2276,0.88935,97.84,40.0,103.08
3161205,São Francisco de Paula,2288,0.89289,95.04,40.0,100.68
3102506,Amparo do Serra,1574,0.87985,101.19,40.0,97.78
3142908,Monte Azul,7727,0.8185,90.64,40.0,98.34
3157302,Santa Bárbara do Tugúrio,1565,0.90643,91.76,40.0,101.34
3117207,Conceição das Pedras,1019,0.9236,92.54,40.0,114.55
3166204,Senhora dos Remédios,3720,0.91903,95.41,40.0,101.51
3168507,Teixeiras,4736,0.90891,103.55,40.0,95.42
3133204,Itanhomi,4286,0.88116,88.58,40.0,93.06
3117900,Congonhal,4162,0.93193,92.44,40.0,101.11
3160504,Santo Antônio do Rio Abaixo,651,0.88859,86.67,40.0,96.1
3116704,Coimbra,2833,0.92828,104.6,40.0,102.42
3154002,Raul Soares,8894,0.89582,97.93,40.0,98.23
3161056,São Félix de Minas,1250,0.83956,84.57,40.0,101.01
3162302,São João da Mata,1144,0.93704,91.24,40.0,105.36
3100203,Abaeté,9026,0.93707,102.36,40.0,97.62
3121308,Descoberto,1821,0.9222,101.75,40.0,102.38
3161650,São Geraldo do Baixio,1280,0.84561,77.5,40.0,94.25
3100500,Açucena,3285,0.85192,101.44,40.0,104.74
3115904,Chácara,1203,0.90743,85.13,40.0,97.75
3121407,Desterro de Entre Rios,2999,0.90575,93.78,40.0,103.7
3129400,Ibertioga,1930,0.89013,86.2,40.0,99.46
3169208,Tombos,3297,0.92388,105.27,40.0,97.27
3167301,Silveirânia,898,0.89643,88.52,40.0,103.24
3100401,Acaiaca,1507,0.89898,87.1,40.0,94.28
3134608,Jaboticatubas,7730,0.92899,90.8,40.0,102.7
3155405,Rio Novo,3115,0.92842,97.27,40.0,96.68
3134103,Itueta,2235,0.88064,85.36,40.0,101.63
3108305,Borda da Mata,6663,0.95068,99.01,40.0,102.07
3129202,Heliodora,2322,0.89764,91.92,40.0,106.18
3166006,Senhora de Oliveira,2018,0.90938,95.16,40.0,96.24
3101508,Além Paraíba,11692,0.9494,87.58,40.0,89.47
3128808,Guidoval,2764,0.92115,89.1,40.0,103.98
3130903,Inhapim,8620,0.89919,95.49,40.0,100.53
3148202,Patrocínio do Muriaé,2194,0.93604,99.89,40.0,97.59
3164001,São Pedro dos Ferros,2635,0.90089,97.55,40.0,95.21
3150901,Piranguçu,2202,0.92114,82.06,40.0,106.25
3133758,Itaú de Minas,5389,0.96915,91.04,40.0,96.53
3167004,Serranos,753,0.88522,89.26,40.0,100.0
3102209,Alvarenga,1542,0.84235,86.62,40.0,98.06
3152303,Porto Firme,3709,0.9145,99.16,40.0,100.7
3165909,Senador Modestino Gonçalves,1501,0.83473,92.14,40.0,100.5
5004908,Jaraguari,2721,0.92891,74.62,40.0,112.03
5008404,Vicentina,2391,0.89808,82.92,40.0,99.06
5106273,Novo Horizonte do Norte,1255,0.88209,73.62,40.0,108.27
5103957,Glória D'Oeste,1113,0.89134,79.42,40.0,101.46
5108204,Torixoréu,1702,0.89065,89.54,40.0,103.82
2504850,Coxixola,734,0.82965,101.4,40.0,107.51
2514909,São Mamede,2673,0.82407,88.96,40.0,94.89
2513984,São Francisco,1120,0.73893,100.19,40.0,99.43
2209609,São Félix do Piauí,1029,0.77905,106.49,40.0,99.44
2207355,Pajeú do Piauí,1097,0.7664,91.8,40.0,107.18
2203859,Floresta do Piauí,862,0.6532,98.15,40.0,100.09
2205276,Jatobá do Piauí,1475,0.76038,98.92,40.0,106.62
4124301,Santo Antônio do Paraíso,819,0.89675,96.21,40.0,94.24
4106407,Cornélio Procópio,16959,0.951,98.07,40.0,91.9
4112751,Jesuítas,3788,0.9419,90.08,40.0,98.23
4128302,Uniflor,805,0.91039,80.99,40.0,102.46
4127809,Tomazina,3196,0.90916,83.58,40.0,104.32
4117404,Ourizona,1196,0.91862,95.41,40.0,101.33
4127957,Tupãssi,3045,0.92553,94.42,40.0,98.6
4110656,Iracema do Oeste,866,0.88596,75.56,40.0,100.43
4126900,Tapira,2251,0.87712,92.04,40.0,98.1
4103354,Braganey,1862,0.89176,82.27,40.0,100.41
4111605,Ivatuba,1066,0.94432,106.29,40.0,95.38
4107553,Farol,1137,0.87304,77.24,40.0,99.28
4107702,Fênix,1773,0.89825,94.03,40.0,97.02
4116059,Missal,4133,0.95174,84.76,40.0,98.67
4123600,Santa Inês,677,0.92,88.93,40.0,96.4
4126355,Serranópolis do Iguaçu,1841,0.95417,92.64,40.0,96.97
4103008,Boa Esperança,1731,0.90109,80.93,40.0,96.64
4110052,Iguatu,828,0.89149,95.68,40.0,104.0
4108700,Grandes Rios,2121,0.86217,80.37,40.0,100.18
4112900,Jundiaí do Sul,1251,0.8977,82.36,40.0,104.73
4112405,Japurá,3472,0.94483,99.12,40.0,96.65
4107504,Engenheiro Beltrão,4798,0.91465,90.51,40.0,94.41
4112504,Jardim Alegre,4569,0.88782,88.76,40.0,100.43
4125753,São Pedro do Iguaçu,2206,0.91187,82.15,40.0,101.18
4102752,Bela Vista da Caroba,1461,0.91888,78.32,40.0,101.95
4128807,Xambrê,2200,0.91006,88.28,40.0,93.78
4100509,Altônia,7197,0.92758,92.56,40.0,95.62
4101101,Andirá,7475,0.91936,88.77,40.0,94.39
4101903,Assaí,5145,0.93475,96.11,40.0,92.32
4106555,Corumbataí do Sul,1468,0.87244,87.04,40.0,100.64
4103479,Cafezal do Sul,1730,0.86945,89.05,40.0,95.84
4126652,Sulina,1340,0.94212,86.06,40.0,105.37
4122651,Rosário do Ivaí,2079,0.85888,88.1,40.0,100.55
4114708,Maria Helena,2278,0.90304,83.75,40.0,98.88
4125357,São Jorge do Patrocínio,2513,0.90424,90.58,40.0,100.18
4109203,Guaraci,1815,0.91963,85.37,40.0,96.44
3303401,Nova Friburgo,76597,0.96387,92.58,40.0,91.56
3301801,Engenheiro Paulo de Frontin,4791,0.94982,98.06,40.0,90.92
3305901,Trajano de Moraes,3895,0.89016,84.21,40.0,101.84
3305133,São José de Ubá,2682,0.89855,88.3,40.0,96.23
3301876,Iguaba Grande,10312,0.96835,98.69,40.0,89.39
3305307,São Sebastião do Alto,2926,0.89017,85.11,40.0,97.2
4302006,Barros Cassal,3695,0.8843,86.37,40.0,103.28
4304507,Canguçu,19317,0.9395,105.04,40.0,101.1
4314001,Paraí,2654,0.98246,102.43,40.0,99.56
4318481,São José do Hortêncio,1693,0.98271,94.91,40.0,102.78
4321105,Tapes,6011,0.94331,100.94,40.0,93.43
4304952,Caseiros,1110,0.94254,93.41,40.0,103.25
4312625,Muliterno,605,0.94398,94.54,40.0,106.85
4307302,Erval Seco,2609,0.92882,96.17,40.0,102.48
4303004,Cachoeira do Sul,31796,0.95213,98.59,40.0,92.17
4304622,Capão Bonito do Sul,691,0.93519,97.99,40.0,110.06
4311502,Lavras do Sul,2926,0.93559,88.42,40.0,98.25
4311700,Machadinho,2298,0.93316,97.52,40.0,100.59
4307815,Estrela Velha,1161,0.95422,85.45,40.0,104.67
4308300,Fontoura Xavier,3703,0.88544,86.54,40.0,103.41
4309001,Giruá,6131,0.95452,100.58,40.0,95.81
4322327,Turuçu,1205,0.94238,97.58,40.0,102.67
4315750,Riozinho,1727,0.93561,95.14,40.0,102.95
4305900,Coronel Bicaco,2329,0.91472,85.47,40.0,98.58
4317400,Santiago,19645,0.96729,102.3,40.0,92.48
4302238,Boa Vista do Incra,839,0.97017,80.33,40.0,101.87
4314779,Pontão,1259,0.96168,89.0,40.0,103.58
4319000,São Marcos,8225,0.97964,95.13,40.0,93.5
4310538,Itaara,2115,0.96271,97.86,40.0,100.58
4310876,Jacuizinho,784,0.899,98.85,40.0,112.94
4315800,Roca Sales,4049,0.97597,105.46,40.0,95.17
4320305,Selbach,1979,0.97205,102.71,40.0,97.18
4309902,Ibiraiaras,2525,0.95482,105.15,40.0,100.77
4317806,Santo Augusto,5471,0.93957,90.59,40.0,96.25
4300661,André da Rocha,437,0.95666,107.41,40.0,109.41
4312153,Mato Leitão,1883,0.96667,89.74,40.0,97.2
4314308,Pejuçara,1375,0.96998,104.72,40.0,98.88
4315107,Porto Xavier,3927,0.93363,87.49,40.0,97.85
4301750,Barão do Triunfo,2409,0.92184,91.35,40.0,111.3
4311775,Maquiné,2907,0.9533,97.96,40.0,103.9
4320263,Segredo,2321,0.91667,90.46,40.0,106.42
4323770,Westfalia,1112,0.98954,94.0,40.0,101.43
4315313,Quatro Irmãos,577,0.94331,82.98,40.0,100.78
4310330,Imbé,10456,0.97856,94.33,40.0,92.3
4305207,Cerro Largo,5350,0.97048,104.08,40.0,96.91
4302600,Braga,1238,0.91233,90.15,40.0,100.49
4308904,Getúlio Vargas,6680,0.96983,105.59,40.0,96.29
4303202,Cacique Doble,1660,0.93974,105.47,40.0,98.58
4313037,Nova Esperança do Sul,1906,0.96704,91.81,40.0,96.01
4313201,Nova Petrópolis,9041,0.9862,93.54,40.0,94.52
4304903,Casca,3618,0.97767,113.24,40.0,95.44
4308458,Fortaleza dos Valos,1730,0.95874,81.34,40.0,96.7
4315701,Rio Pardo,13568,0.94314,96.36,40.0,94.54
4305405,Chiapetta,1523,0.95399,88.3,40.0,95.94
4310504,Iraí,2835,0.92018,97.46,40.0,100.05
4316709,Santa Bárbara do Sul,3206,0.95853,88.67,40.0,96.28
4301701,Barão de Cotegipe,2680,0.9692,113.54,40.0,101.92
4314159,Paverama,3149,0.9621,92.54,40.0,100.86
4202578,Bom Jesus do Oeste,804,0.93096,100.26,40.0,102.13
4200804,Anchieta,2276,0.92618,95.63,40.0,100.84
4202875,Brunópolis,935,0.91719,79.59,40.0,100.73
4218855,União do Oeste,1026,0.93712,90.7,40.0,104.87
4212106,Palmitos,6048,0.9575,93.11,40.0,98.96
4206405,Guaraciaba,3986,0.95717,98.85,40.0,101.46
4203253,Capão Alto,1002,0.9229,81.65,40.0,111.35
4208609,Jaborá,1543,0.95337,86.38,40.0,100.84
4200903,Angelina,1993,0.93123,92.38,40.0,104.43
4211801,Ouro,2657,0.96613,91.35,40.0,100.63
4201273,Arabutã,1605,0.96988,97.35,40.0,104.29
4214300,Rancho Queimado,1249,0.96162,86.09,40.0,106.1
4201109,Anitápolis,1331,0.92271,82.47,40.0,107.57
4201950,Balneário Arroio do Silva,6020,0.96963,80.01,40.0,96.23
4209409,Laguna,16399,0.97101,95.31,40.0,94.94
4204103,Caxambu do Sul,1675,0.92234,89.62,40.0,102.99
4206603,Guarujá do Sul,1946,0.94722,92.3,40.0,95.59
4210035,Luzerna,2287,0.98192,104.21,40.0,95.81
4218756,Tunápolis,1764,0.97372,84.48,40.0,104.83
4209854,Lindóia do Sul,1637,0.95528,90.03,40.0,102.18
4214102,Presidente Nereu,883,0.92332,82.93,40.0,103.09
4204459,Coronel Martins,762,0.89683,92.12,40.0,102.25
4212056,Palmeira,960,0.93103,74.9,40.0,112.18
4215687,Santa Terezinha do Progresso,955,0.90991,94.96,40.0,106.08
4212403,Pedras Grandes,1588,0.96812,97.01,40.0,102.14
4211652,Novo Horizonte,908,0.94284,88.6,40.0,104.88
3534609,Osvaldo Cruz,11761,0.96302,107.3,40.0,99.13
3535309,Palmital,7363,0.95999,105.04,40.0,94.25
3538204,Pinhalzinho,5652,0.96198,94.82,40.0,98.95
3541109,Presidente Alves,1447,0.93857,89.21,40.0,97.51
3515186,Espírito Santo do Pinhal,14377,0.96015,94.84,40.0,94.02
3503703,Ariranha,2874,0.94323,93.71,40.0,98.69
3504206,Auriflama,5393,0.94835,94.31,40.0,97.32
3555604,Uchoa,3982,0.94649,94.77,40.0,97.12
3554607,Timburi,975,0.93954,108.47,40.0,102.3
3508108,Buritama,6694,0.94487,84.7,40.0,94.31
3514304,Dourado,3103,0.95134,100.73,40.0,97.51
3533304,Nova Luzitânia,1122,0.93872,90.02,40.0,101.63
3537404,Pereira Barreto,9238,0.94565,85.11,40.0,93.85
3514957,Embaúba,896,0.93808,94.81,40.0,105.21
3514403,Dracena,17101,0.96528,99.23,40.0,96.12
3556008,Urupês,5205,0.95269,103.7,40.0,96.76
3556602,Vera Cruz,3571,0.95933,100.94,40.0,95.47
3538105,Pindorama,5459,0.95,97.57,40.0,99.12
3520806,Inúbia Paulista,1316,0.9403,91.08,40.0,96.47
3543204,Ribeirão do Sul,1736,0.93347,95.49,40.0,100.21
3507753,Brejo Alegre,962,0.93676,80.94,40.0,101.33
3551603,Serra Negra,11182,0.96456,105.4,40.0,93.14
3548609,São Bento do Sapucaí,4289,0.96186,89.15,40.0,98.37
3557154,Zacarias,1056,0.93547,81.26,40.0,99.11
3544806,Sales,2474,0.93537,90.75,40.0,96.91
3551306,Sebastianópolis do Sul,1249,0.92941,87.28,40.0,93.57
3502903,Araçoiaba da Serra,11778,0.97005,86.16,40.0,98.83
3556958,Vitória Brasil,693,0.91544,83.22,40.0,105.03
3530201,Mirante do Paranapanema,6122,0.91735,84.38,40.0,98.99
3540309,Pontes Gestal,957,0.91581,92.48,40.0,98.75
3515608,Fernando Prestes,2238,0.93654,105.26,40.0,95.65
3508900,Caiabu,1467,0.92839,89.06,40.0,99.78
3517109,Glicério,1552,0.94083,87.07,40.0,96.3
3530102,Mirandópolis,9108,0.9527,105.36,40.0,131.69
3545704,Santa Albertina,2569,0.9283,99.2,40.0,98.79
3552601,Tabapuã,4336,0.94501,96.03,40.0,97.23
3553609,Tapiratiba,4205,0.95764,87.27,40.0,93.99
3538501,Piquete,4570,0.96708,95.56,40.0,91.62
3544251,Rosana,6534,0.94183,76.67,40.0,96.71
3503158,Arapeí,885,0.93718,86.88,40.0,97.12
3519204,Iacri,2260,0.93417,90.88,40.0,98.61
3528908,Mariápolis,1382,0.94749,90.65,40.0,99.49
3500105,Adamantina,13583,0.96492,108.3,40.0,92.9
3516804,Gastão Vidigal,1246,0.90919,95.04,40.0,94.27
3507407,Borborema,5483,0.94205,96.24,40.0,98.02
3531605,Monte Castelo,1626,0.92542,90.12,40.0,98.4
3527405,Lucélia,6603,0.95007,94.3,40.0,125.38
3543808,Rinópolis,3498,0.94031,108.01,40.0,97.72
3506409,Bilac,2798,0.95655,98.69,40.0,96.69
3529609,Meridiano,1726,0.94339,85.01,40.0,96.48
3538303,Piquerobi,1284,0.9215,90.48,40.0,90.65
3555000,Tupã,24073,0.95925,100.27,40.0,91.45
5221502,Turvânia,1808,0.89445,97.46,42.0,100.36
5214861,Nova Glória,3284,0.88561,98.46,42.0,101.6
5219456,Santa Rita do Novo Destino,1024,0.85325,78.89,42.0,107.97
5200159,Adelândia,914,0.89781,100.53,42.0,101.67
5206602,Cumari,1153,0.88563,101.98,42.0,102.84
5219506,Santa Rosa de Goiás,1073,0.88411,103.8,42.0,102.88
5215207,Novo Brasil,1523,0.90283,102.66,42.0,103.52
5200209,Água Limpa,745,0.90796,96.32,42.0,99.57
5221452,Trombas,1223,0.85188,94.09,42.0,102.07
5221304,Três Ranchos,1143,0.93004,94.7,42.0,108.64
5209606,Heitoraí,1355,0.8911,94.3,42.0,104.14
5201207,Anhanguera,358,0.97154,108.61,42.0,103.97
5209804,Hidrolina,1372,0.90749,102.92,42.0,102.69
5215801,Palmelo,893,0.93438,106.78,42.0,91.93
5216908,Pilar de Goiás,893,0.91418,76.98,42.0,111.06
5211701,Jandaia,2527,0.91965,94.16,42.0,102.91
5213855,Morro Agudo de Goiás,976,0.89529,83.9,42.0,97.11
5204201,Cachoeira de Goiás,591,0.86333,91.19,42.0,101.29
3106804,Bias Fortes,1275,0.88392,109.38,42.0,109.67
3155900,Rio Preto,2034,0.90248,109.07,42.0,98.42
3122504,Dom Cavati,1917,0.90785,118.84,42.0,92.99
3172202,Wenceslau Braz,867,0.93759,105.96,42.0,100.34
3149408,Pedro Teixeira,722,0.91894,98.88,42.0,104.29
3164902,São Sebastião do Rio Verde,881,0.95742,95.99,42.0,105.17
3159308,Santa Rita de Jacutinga,1905,0.91541,109.47,42.0,100.21
3100104,Abadia dos Dourados,2579,0.9352,111.08,42.0,101.61
3118502,Consolação,622,0.89237,108.3,42.0,107.85
3105509,Barão de Monte Alto,1896,0.882,115.73,42.0,99.92
3115003,Cascalho Rico,1058,0.96567,109.09,42.0,101.04
3103207,Araçaí,826,0.93192,102.03,42.0,98.81
3127388,Goianá,1561,0.93711,104.46,42.0,95.7
3101201,Aiuruoca,2481,0.90889,123.49,42.0,102.77
3122801,Dom Viçoso,1174,0.93139,93.21,42.0,103.48
3133501,Itapecerica,7975,0.93096,122.21,42.0,97.08
3153103,Presidente Bernardes,1778,0.89478,116.06,42.0,101.66
3159209,Santa Rita de Caldas,3356,0.94341,120.03,42.0,103.61
3115706,Central de Minas,2507,0.84232,103.87,42.0,96.4
3138005,Laranjal,2294,0.96189,121.08,42.0,97.32
3150307,Piedade do Rio Grande,1842,0.8993,110.26,42.0,101.49
3109600,Cachoeira da Prata,1377,0.96991,107.64,42.0,90.36
3122108,Divino das Laranjeiras,1646,0.85752,95.62,42.0,94.42
3118908,Cordisburgo,2965,0.92017,114.69,42.0,99.02
3141207,Matutina,1575,0.89616,114.62,42.0,97.92
3103603,Arantina,1112,0.93257,91.51,42.0,100.34
3128204,Guaraciaba,3522,0.87568,117.06,42.0,101.26
3150406,Piedade dos Gerais,1964,0.9016,103.76,42.0,105.11
3155306,Rio Manso,2177,0.93495,116.52,42.0,103.43
3164803,São Sebastião do Rio Preto,474,0.91675,116.83,42.0,90.18
3152907,Pratápolis,3312,0.94952,122.51,42.0,99.95
3157401,Santa Cruz do Escalvado,1724,0.90992,117.61,42.0,101.34
3154101,Recreio,3896,0.93809,140.04,42.0,95.4
3158409,Santana de Cataguases,1326,0.92896,110.24,42.0,102.85
3160603,Santo Hipólito,1107,0.89283,112.06,42.0,99.63
3106101,Belmiro Braga,1171,0.89206,101.64,42.0,101.12
3121506,Desterro do Melo,1149,0.89383,111.75,42.0,102.98
3147808,Passa-Vinte,890,0.91702,96.16,42.0,106.95
3124609,Estrela Dalva,861,0.88828,119.09,42.0,96.23
3161007,São Domingos do Prata,6639,0.90961,111.84,42.0,96.12
3129004,Guiricema,3039,0.90772,125.71,42.0,99.74
3111101,Campina Verde,7296,0.92974,106.52,42.0,101.92
3114808,Carvalhos,1685,0.8936,107.14,42.0,103.31
3145406,Olaria,751,0.89345,102.56,42.0,107.36
3122702,Dom Silvério,1972,0.93077,130.13,42.0,91.85
3125804,Fernandes Tourinho,1111,0.83126,101.3,42.0,96.69
3110301,Caldas,5717,0.94004,105.8,42.0,103.19
3159100,Santana dos Montes,1304,0.91732,106.46,42.0,106.24
4102208,Atalaia,1469,0.94835,106.06,42.0,109.03
4113429,Lidianópolis,1534,0.88511,96.43,42.0,95.92
4108205,Formosa do Oeste,3014,0.93406,104.56,42.0,96.93
4125308,São Jorge do Ivaí,1925,0.92543,110.94,42.0,97.18
4113759,Lunardelli,1898,0.8665,102.83,42.0,100.66
4113106,Kaloré,1752,0.91004,107.76,42.0,99.91
4107108,Diamante do Norte,1887,0.91431,101.7,42.0,96.79
4128401,Uraí,4041,0.91679,108.8,42.0,95.86
4306320,Derrubadas,1074,0.93316,95.89,42.0,101.83
4310405,Independência,2484,0.95628,114.33,42.0,101.98
4321352,Tavares,2153,0.91493,122.41,42.0,101.86
4322533,Vale do Sol,3776,0.95014,112.61,42.0,101.32
4306551,Dom Pedro de Alcântara,1050,0.97036,114.39,42.0,105.95
4311601,Liberato Salzano,1827,0.90788,107.03,42.0,101.47
4306700,Dona Francisca,1223,0.96601,106.94,42.0,99.16
4303400,Caiçara,1857,0.95649,122.68,42.0,102.43
4321832,Três Forquilhas,1065,0.92258,100.43,42.0,107.05
4308805,General Câmara,3148,0.94268,112.49,42.0,100.16
4319604,São Sepé,8605,0.94471,115.72,42.0,94.03
4311270,Lagoa dos Três Cantos,654,0.98611,115.1,42.0,99.08
4323200,Victor Graeff,1100,0.98035,112.98,42.0,99.86
4302659,Brochier,2019,0.96451,124.59,42.0,99.68
4311155,Jóia,2780,0.94489,99.75,42.0,105.73
4301800,Barracão,1931,0.93697,115.29,42.0,103.24
4315321,Quevedos,1033,0.93611,104.57,42.0,110.85
4302501,Bossoroca,2359,0.92747,109.27,42.0,104.58
4311130,Jari,1332,0.9472,109.56,42.0,107.63
4300471,Almirante Tamandaré do Sul,798,0.97141,112.0,42.0,105.32
4319406,São Pedro do Sul,6421,0.96228,124.16,42.0,95.27
4322525,Vale Verde,1294,0.93524,113.77,42.0,103.88
4310850,Jaboticaba,1499,0.89962,110.15,42.0,99.74
4307559,Estação,2172,0.97635,115.37,42.0,94.02
4314753,Poço das Antas,842,0.97869,128.45,42.0,104.04
4300802,Antônio Prado,5006,0.96896,119.75,42.0,97.32
4318614,São José do Sul,921,0.98197,121.99,42.0,98.0
4313441,Novo Tiradentes,819,0.92381,105.54,42.0,105.56
4323507,Vista Alegre,1014,0.94494,110.8,42.0,98.8
4307054,Ernestina,1250,0.97482,109.96,42.0,101.73
4308052,Faxinalzinho,1004,0.92053,113.55,42.0,105.38
4318101,São Francisco de Assis,7246,0.93378,122.67,42.0,97.69
4319372,São Pedro do Butiá,1169,0.98115,121.23,42.0,104.53
4311239,Lagoa Bonita do Sul,866,0.91593,104.17,42.0,107.08
4317558,Santo Antônio do Palma,748,0.96582,100.27,42.0,103.4
4310579,Itapuca,725,0.91363,99.05,42.0,110.77
4314506,Pinheiro Machado,4882,0.93013,107.19,42.0,97.01
4200051,Abdon Batista,969,0.93449,89.59,42.0,102.81
4207601,Ipira,1835,0.9706,104.42,42.0,96.99
4201604,Arroio Trinta,1391,0.96264,117.14,42.0,95.28
4207205,Imaruí,4586,0.93151,100.25,42.0,100.29
4206801,Ibicaré,1250,0.95004,114.42,42.0,102.41
4210555,Marema,742,0.93083,113.79,42.0,104.3
4207577,Iomerê,1066,0.98066,114.77,42.0,103.18
4216800,São José do Cerrito,3327,0.91332,94.53,42.0,105.14
4209201,Lacerdópolis,829,0.96688,119.94,42.0,98.06
4207759,Iraceminha,1466,0.95677,102.29,42.0,104.73
4213906,Presidente Castello Branco,606,0.96942,108.48,42.0,103.0
3528205,Macedônia,1513,0.9359,110.34,42.0,96.87
3510104,Cândido Rodrigues,1102,0.94554,123.66,42.0,98.83
3528106,Macaubal,3008,0.94624,119.1,42.0,99.55
3516507,Gabriel Monteiro,1071,0.94753,105.91,42.0,100.36
3510708,Cardoso,4603,0.93436,113.33,42.0,95.54
3513306,Cruzália,822,0.94567,102.05,42.0,95.55
3527256,Lourdes,772,0.89816,118.13,42.0,99.59
3548807,São Caetano do Sul,61995,0.9884,117.03,42.0,84.09
3541505,Presidente Venceslau,13692,0.95286,101.94,42.0,93.68
3515129,Emilianópolis,1177,0.92429,110.04,42.0,98.03
3548500,Santos,167478,0.98398,129.9,42.0,82.89
3520707,Indiaporã,1662,0.91571,114.53,42.0,94.46
3542305,Redenção da Serra,1680,0.92085,95.58,42.0,110.1
3550001,São Luís do Paraitinga,4165,0.9282,106.68,42.0,101.86
3503950,Aspásia,679,0.90676,100.63,42.0,99.14
3540507,Porangaba,3923,0.94672,107.16,42.0,104.28
3544608,Sabino,2035,0.94376,108.0,42.0,94.67
3518008,Guarani d'Oeste,808,0.91885,100.0,42.0,99.39
3547502,Santa Rita do Passa Quatro,9468,0.96476,123.92,42.0,91.86
5213400,Moiporá,708,0.90621,113.21,44.0,100.12
5219209,Santa Cruz de Goiás,1241,0.89684,86.83,44.0,113.82
5202353,Arenópolis,1208,0.89935,98.78,44.0,105.01
5210307,Israelândia,1030,0.89378,122.69,44.0,98.3
5207105,Diorama,832,0.90046,109.58,44.0,101.37
3146602,Paiva,580,0.91873,125.57,44.0,100.54
3137106,Lagamar,2781,0.91761,118.62,44.0,104.79
3119906,Córrego do Bom Jesus,1689,0.93273,132.38,44.0,104.99
3155207,Rio Espera,2064,0.87689,132.75,44.0,105.02
3125200,Fama,1003,0.93361,129.44,44.0,101.09
3103108,Antônio Prado de Minas,599,0.91822,164.77,44.0,103.71
3112208,Capela Nova,1667,0.91518,135.77,44.0,95.87
3123205,Dores do Indaiá,5247,0.91847,147.36,44.0,92.74
3103306,Aracitaba,854,0.88312,135.59,44.0,94.59
3119807,Córrego Danta,1197,0.92042,146.94,44.0,110.83
3138500,Liberdade,1812,0.89224,129.36,44.0,102.78
4107520,Esperança Nova,709,0.89779,111.82,44.0,97.75
4108551,Godoy Moreira,1184,0.83313,107.28,44.0,99.26
4323457,Vila Nova do Sul,1598,0.93966,125.25,44.0,96.99
4301552,Áurea,1318,0.97239,145.67,44.0,99.53
4301636,Balneário Pinhal,6100,0.95823,116.14,44.0,92.4
4303673,Campestre da Serra,1284,0.9593,126.33,44.0,105.84
4313359,Nova Roma do Sul,1246,0.97376,139.34,44.0,104.12
4318457,São José das Missões,932,0.9221,112.99,44.0,102.57
4305124,Cerrito,2434,0.92448,127.32,44.0,99.31
4301503,Augusto Pestana,2834,0.97325,136.29,44.0,96.51
4305009,Catuípe,3370,0.95789,125.31,44.0,92.46
4312609,Muçum,1785,0.96053,144.35,44.0,92.51
4314472,Pinhal Grande,1474,0.94855,128.62,44.0,107.47
4314548,Pinto Bandeira,919,0.97632,140.25,44.0,101.7
4303806,Campinas do Sul,2060,0.95768,136.9,44.0,92.78
4312179,Mato Queimado,697,0.96885,123.43,44.0,103.05
4304713,Caraá,3016,0.92808,125.06,44.0,105.39
4315206,Putinga,1366,0.95313,169.05,44.0,100.37
4318432,São João do Polêsine,1041,0.97619,169.03,44.0,93.22
4316477,Salvador das Missões,1118,0.98661,135.35,44.0,102.46
4311981,Mariana Pimentel,1639,0.9345,130.35,44.0,105.46
4312443,Morrinhos do Sul,1279,0.97167,119.61,44.0,108.2
4315552,Rio dos Índios,1091,0.89798,122.03,44.0,105.29
4318440,São Jorge,1083,0.9761,155.72,44.0,100.55
4316303,Roque Gonzales,2585,0.94574,125.64,44.0,100.06
4316972,Santa Margarida do Sul,1037,0.90968,100.92,44.0,112.96
4307864,Fagundes Varela,883,0.97565,154.31,44.0,102.85
4319109,São Martinho,2216,0.95945,129.82,44.0,96.17
4323358,Vila Lângaro,774,0.96,127.96,44.0,104.63
4312203,Maximiliano de Almeida,1645,0.95154,130.27,44.0,97.88
4310439,Ipê,2137,0.95516,139.46,44.0,102.89
4305454,Cidreira,6843,0.96785,111.17,44.0,91.92
4312450,Morro Redondo,2510,0.94168,135.47,44.0,96.36
4312104,Mata,1959,0.95486,131.97,44.0,102.06
4315156,Progresso,2109,0.924,124.16,44.0,104.21
4215901,São Bonifácio,1126,0.97767,136.64,44.0,104.02
4217154,São Miguel da Boa Vista,662,0.93919,103.65,44.0,106.61
3535200,Palmeira d'Oeste,3535,0.93949,129.68,44.0,99.08
3547403,Santa Rita d'Oeste,1089,0.92446,147.95,44.0,93.97
3534500,Oscar Bressane,960,0.94174,131.3,44.0,91.62
3530003,Mira Estrela,1243,0.94568,112.3,44.0,99.49
3536901,Pedranópolis,1052,0.94254,125.71,44.0,99.93
3549003,São Francisco,1044,0.91486,135.6,44.0,95.35
3517802,Guaraçaí,2941,0.93204,128.69,44.0,97.16
3502606,Aparecida d'Oeste,1616,0.91787,125.16,44.0,98.25
5200902,Amorinópolis,1255,0.8684,135.27,46.0,101.68
5209291,Guaraíta,913,0.90027,105.57,46.0,99.27
3115607,Cedro do Abaeté,449,0.88578,143.79,46.0,104.35
3165560,Sem-Peixe,962,0.87743,164.33,46.0,94.48
3136108,Joanésia,1681,0.87675,139.45,46.0,100.14
3124708,Estrela do Indaiá,1177,0.91161,175.78,46.0,95.9
3129103,Gurinhatã,2139,0.88841,124.09,46.0,108.85
3165800,Senador José Bento,792,0.93899,164.15,46.0,110.81
5107297,São José do Povo,1141,0.88613,109.7,46.0,105.8
4322343,Ubiretama,766,0.96705,143.56,46.0,106.85
4319703,São Valentim,1239,0.92076,158.95,46.0,101.86
4322103,Tucunduva,2268,0.96209,156.77,46.0,92.1
4300901,Aratiba,2573,0.96863,159.51,46.0,100.96
4322301,Tuparendi,3367,0.96845,147.64,46.0,93.77
4305132,Cerro Branco,1582,0.90502,173.68,46.0,102.13
4323606,Vista Alegre do Prata,573,0.97929,142.86,46.0,108.39
4305603,Colorado,1280,0.9592,152.37,46.0,94.74
4313334,Nova Ramada,864,0.96264,130.38,46.0,106.99
4319307,São Paulo das Missões,2231,0.94971,139.28,46.0,100.76
4305116,Centenário,1031,0.97821,149.34,46.0,106.61
4320602,Severiano de Almeida,1309,0.96742,145.71,46.0,102.86
4313003,Nova Bréscia,1213,0.9796,180.35,46.0,99.48
4311908,Marcelino Ramos,1732,0.95932,160.03,46.0,99.72
4310900,Jacutinga,1301,0.95163,155.26,46.0,94.98
4306379,Dilermando de Aguiar,1147,0.90519,123.13,46.0,109.09
4305850,Coqueiros do Sul,896,0.96283,135.06,46.0,98.47
4320453,Sério,780,0.90833,157.47,46.0,106.27
4306759,Doutor Ricardo,710,0.97635,182.01,46.0,105.66
4320651,Silveira Martins,789,0.96334,165.96,46.0,101.59
4300554,Alto Alegre,697,0.95059,135.88,46.0,101.34
4305959,Cotiporã,1433,0.97778,174.47,46.0,104.36
4319711,São Valentim do Sul,846,0.98315,170.78,46.0,103.79
4317954,Santo Expedito do Sul,916,0.92775,147.75,46.0,99.24
3544509,Rubinéia,1501,0.95706,126.98,46.0,97.99
3532843,Nova Canaã Paulista,819,0.94221,174.16,46.0,98.44
3107000,Biquinhas,1027,0.90639,157.23,48.0,96.94
4304614,Canudos do Vale,648,0.93333,182.59,48.0,107.26
4313425,Novo Machado,1304,0.95049,163.57,48.0,98.88
4308433,Forquetinha,955,0.94495,189.47,48.0,101.09
4300455,Alegria,1453,0.938,142.96,48.0,104.54
4306353,Dezesseis de Novembro,1017,0.90783,158.91,48.0,105.66
4310751,Ivorá,740,0.94513,209.83,48.0,102.2
4315073,Porto Vera Cruz,665,0.92485,162.04,50.0,97.72
4308250,Floriano Peixoto,694,0.95957,225.54,50.0,109.28
4309258,Guabiju,562,0.96677,204.92,50.0,106.56
4315453,Relvado,695,0.96532,228.57,50.0,96.93
4317251,Santa Tereza,592,0.97855,264.05,52.0,103.65
2700201,Anadia,4783,0.71281,49.48,33.0,93.49
2709103,Taquarana,6492,0.74101,47.87,33.0,93.0
2704302,Maceió,335771,0.91578,44.25,33.0,87.17
2704807,Maribondo,4435,0.77403,48.74,33.0,94.0
2902401,Aurelino Leal,3950,0.79357,46.94,33.0,96.95
2913705,Inhambupe,12152,0.79284,49.31,33.0,95.6
2902302,Aratuípe,3114,0.81581,44.02,33.0,101.84
2928059,Santa Luzia,4743,0.79983,41.77,33.0,110.67
2909406,Cotegipe,4411,0.76677,50.24,33.0,105.36
2908101,Cocos,6295,0.79042,59.98,33.0,104.39
2924009,Paulo Afonso,38770,0.87618,47.8,33.0,90.73
2910057,Dias d'Ávila,25852,0.93473,34.55,33.0,92.56
2927606,Santa Brígida,5246,0.71679,48.57,33.0,101.25
2910727,Eunápolis,41385,0.89548,39.24,33.0,94.11
2921906,Mucugê,4226,0.84753,44.71,33.0,97.61
2906873,Capim Grosso,12296,0.85151,47.7,33.0,94.6
2922854,Nova Redenção,2646,0.82006,60.83,33.0,100.91
2915403,Itaju do Colônia,2106,0.80347,47.75,33.0,98.06
2925402,Potiraguá,3340,0.85362,47.02,33.0,101.81
2902500,Baianópolis,4416,0.77438,53.63,33.0,105.8
2901304,Andaraí,4455,0.81094,50.0,33.0,100.77
2903276,Barrocas,5209,0.8342,46.05,33.0,97.8
2900801,Alcobaça,8511,0.83374,46.29,33.0,101.81
2906907,Caravelas,7218,0.82685,49.68,33.0,99.38
2929701,Sátiro Dias,5669,0.78745,52.2,33.0,97.95
2929057,São Félix do Coribe,5271,0.85724,43.17,33.0,99.66
2910859,Filadélfia,6075,0.82318,51.76,33.0,99.59
2933307,Vitória da Conquista,129081,0.90896,47.44,33.0,91.7
2906824,Canudos,5446,0.81831,46.88,33.0,102.12
2920809,Marcionílio Souza,3243,0.78404,53.88,33.0,99.63
2931509,Teofilândia,7371,0.8112,51.09,33.0,96.88
2903409,Belmonte,7259,0.82359,45.94,33.0,101.43
2910503,Entre Rios,13675,0.87617,43.74,33.0,92.34
2921708,Morro do Chapéu,11882,0.83937,46.47,33.0,97.9
2933158,Várzea Nova,4860,0.80393,51.08,33.0,99.33
2921054,Matina,3230,0.75018,54.79,33.0,100.82
2927002,Rio Real,12639,0.81288,46.1,33.0,98.38
2902658,Banzaê,3935,0.79173,52.17,33.0,101.55
2919900,Macururé,2436,0.77873,54.3,33.0,100.06
2928000,Santaluz,13465,0.82933,52.05,33.0,97.54
2930709,Simões Filho,42150,0.9436,34.87,33.0,90.45
2906204,Canarana,8304,0.86898,47.55,33.0,99.21
2924603,Pindobaçu,6759,0.82479,49.33,33.0,98.64
2926509,Ribeira do Amparo,4811,0.69275,54.52,33.0,103.07
2917003,Itiúba,12063,0.80336,55.19,33.0,101.67
2933406,Wagner,3280,0.84475,58.3,33.0,96.91
2933455,Wanderley,4251,0.82755,48.55,33.0,107.55
2902252,Arataca,3471,0.75535,49.0,33.0,111.78
2929206,São Francisco do Conde,14008,0.91789,34.24,33.0,88.68
2919157,Lapão,8725,0.83548,49.38,33.0,99.4
2906105,Canápolis,3307,0.77638,55.5,33.0,107.83
2931350,Teixeira de Freitas,52472,0.89677,43.38,33.0,93.08
2905107,Caém,3564,0.79745,58.84,33.0,98.43
2926202,Riachão das Neves,7168,0.77966,47.12,33.0,108.84
2305803,Ipu,13935,0.79089,58.21,33.0,98.82
2302909,Capistrano,5914,0.79611,49.99,33.0,100.39
2304285,Eusébio,25105,0.94115,25.57,33.0,94.92
2306504,Itapiúna,6115,0.75283,52.4,33.0,98.85
2300606,Altaneira,2485,0.77103,64.64,33.0,93.38
2302503,Brejo Santo,17032,0.83984,53.52,33.0,94.29
2311603,Redenção,9138,0.83002,52.58,33.0,94.83
2303907,Chaval,3922,0.75425,47.12,33.0,100.16
2310704,Pentecoste,12719,0.81941,46.96,33.0,98.82
2300507,Alcântaras,3780,0.80483,55.39,33.0,97.24
2304202,Crato,44610,0.88404,49.64,33.0,89.17
2310951,Pires Ferreira,3261,0.77139,62.89,33.0,107.11
2304806,Granjeiro,1540,0.76941,57.38,33.0,98.97
2302057,Barroquinha,4755,0.72208,50.16,33.0,101.95
2309805,Pacoti,3663,0.83701,48.39,33.0,100.65
2307700,Maranguape,35066,0.89162,45.24,33.0,94.38
2313955,Varjota,6118,0.80243,52.59,33.0,97.67
2300101,Abaiara,3495,0.76837,50.94,33.0,96.55
2311504,Quixeré,7743,0.78348,52.32,33.0,95.93
2303956,Chorozinho,7143,0.79577,44.84,33.0,100.43
2310209,Paracuru,12982,0.85707,45.13,33.0,97.33
2305266,Ibaretama,4021,0.73717,55.45,33.0,104.59
3205002,Serra,191936,0.96122,39.48,33.0,93.38
3201159,Brejetuba,4535,0.85649,37.09,33.0,105.1
3202553,Ibitirama,3389,0.87544,43.37,33.0,102.86
3203205,Linhares,58662,0.94121,41.52,33.0,97.83
5204904,Campos Belos,6289,0.89394,39.85,33.0,94.33
5214002,Mozarlândia,5228,0.90845,38.71,33.0,99.54
5200803,Alvorada do Norte,2954,0.87196,38.24,33.0,98.96
5221551,Turvelândia,1760,0.90638,36.14,33.0,106.16
5212907,Marzagão,1000,0.92815,51.66,33.0,103.54
5203203,Barro Alto,3648,0.91433,38.41,33.0,102.64
5204003,Cabeceiras,2736,0.89971,42.44,33.0,103.94
5209200,Guapó,7170,0.91668,43.68,33.0,98.1
5208608,Goianésia,26029,0.93176,46.19,33.0,98.26
5200308,Alexânia,9711,0.91154,45.93,33.0,99.76
5213004,Maurilândia,3772,0.88257,43.08,33.0,102.91
5210406,Itaberaí,16002,0.92795,44.24,33.0,99.56
5201108,Anápolis,142329,0.96206,47.19,33.0,94.1
5214507,Nerópolis,11181,0.93811,38.95,33.0,95.28
5213509,Monte Alegre de Goiás,2330,0.83671,44.09,33.0,107.7
5204508,Caldas Novas,36749,0.95558,43.52,33.0,95.86
5203500,Bom Jesus de Goiás,8662,0.91926,40.19,33.0,100.49
5211909,Jataí,38266,0.9526,47.66,33.0,97.4
5215702,Palmeiras de Goiás,11589,0.93628,44.64,33.0,98.6
2111102,São João dos Patos,8272,0.83233,50.19,33.0,93.8
2107407,Olho d'Água das Cunhãs,5668,0.73816,45.89,33.0,98.13
2111300,São Luís,348724,0.96015,43.88,33.0,87.23
2104701,Graça Aranha,1978,0.79364,50.07,33.0,100.17
2101350,Bacurituba,1742,0.83017,57.23,33.0,106.45
2100204,Alcântara,6288,0.81516,49.12,33.0,103.7
2105203,Igarapé Grande,3222,0.76629,50.38,33.0,98.31
2103703,Cururupu,10031,0.85486,48.53,33.0,102.28
2108207,Pedreiras,12106,0.84695,51.61,33.0,91.4
2105948,Lago dos Rodrigues,2800,0.76204,48.21,33.0,99.86
2107308,Nova Iorque,1334,0.80567,58.76,33.0,101.4
3140159,Mário Campos,5434,0.95224,41.65,33.0,98.03
3124401,Espírito Santo do Dourado,2141,0.91465,54.51,33.0,110.41
3146305,Padre Paraíso,5955,0.83846,60.24,33.0,98.13
3160801,São Bento Abade,1593,0.90512,47.86,33.0,105.63
3117306,Conceição das Alagoas,9881,0.93576,39.4,33.0,104.64
3171501,Mathias Lobato,1097,0.8717,52.68,33.0,98.3
3143302,Montes Claros,144797,0.95668,49.02,33.0,92.25
3135100,Janaúba,24287,0.90647,47.85,33.0,94.11
3145000,Nova Ponte,5100,0.94298,39.31,33.0,102.5
3117504,Conceição do Mato Dentro,7962,0.90659,50.5,33.0,101.47
3153301,Presidente Kubitschek,972,0.90958,55.37,33.0,97.24
3103751,Araporã,2878,0.94713,41.9,33.0,99.69
3154606,Ribeirão das Neves,113092,0.95159,41.21,33.0,98.28
3139300,Manga,6117,0.83839,51.43,33.0,99.6
3135209,Januária,21452,0.88389,52.77,33.0,97.45
3165537,Sarzedo,12670,0.9678,33.93,33.0,97.61
3136959,Juvenília,1836,0.8458,53.82,33.0,107.05
3163003,São José da Safira,1318,0.83646,49.27,33.0,101.27
3130051,Icaraí de Minas,3276,0.87569,49.27,33.0,106.24
3131604,Iraí de Minas,2493,0.94217,45.83,33.0,102.37
3137007,Ladainha,4706,0.78082,58.47,33.0,96.65
3145455,Olhos-d'Água,1943,0.87908,41.84,33.0,107.04
3156304,Rodeiro,3081,0.95154,48.6,33.0,100.23
3123528,Durandé,2732,0.88495,49.73,33.0,104.96
3145059,Nova Porteirinha,2254,0.8525,50.28,33.0,100.48
3170651,Vargem Grande do Rio Pardo,1419,0.80616,56.21,33.0,106.09
3109402,Buritizeiro,8176,0.88746,47.89,33.0,98.29
3124104,Esmeraldas,30198,0.94838,42.02,33.0,98.28
3157906,Santa Margarida,5565,0.91713,47.93,33.0,103.54
3170909,Varzelândia,6295,0.8213,51.3,33.0,102.47
3132503,Itamarandiba,11699,0.86108,48.53,33.0,100.76
3109303,Buritis,8737,0.90074,45.44,33.0,101.31
3130200,Igaratinga,3839,0.93943,48.8,33.0,104.22
3149804,Perdizes,5936,0.93211,41.47,33.0,106.51
3150570,Pintópolis,2276,0.86299,60.3,33.0,103.74
3145877,Orizânia,3015,0.88956,49.25,33.0,102.91
3138682,Luislândia,1981,0.87469,51.5,33.0,103.34
3129806,Ibirité,58753,0.95753,38.7,33.0,94.01
3139409,Manhuaçu,33275,0.94882,49.42,33.0,96.51
3112109,Caparaó,1852,0.90406,46.71,33.0,105.12
3144359,Naque,2180,0.89971,50.68,33.0,96.05
5008305,Três Lagoas,47895,0.96173,39.92,33.0,95.86
5004304,Iguatemi,5061,0.89386,47.32,33.0,97.37
5003751,Eldorado,4176,0.90736,44.73,33.0,96.18
5005707,Naviraí,18563,0.92714,38.93,33.0,97.11
5002209,Bonito,8260,0.93418,38.04,33.0,99.03
5006275,Paraíso das Águas,1954,0.92809,31.73,33.0,109.35
5004601,Itaquiraí,6918,0.89602,39.37,33.0,103.72
5001102,Aquidauana,15929,0.93302,51.97,33.0,99.11
5001003,Aparecida do Taboado,10296,0.93333,46.39,33.0,99.32
5001904,Bataguassu,8238,0.93474,38.79,33.0,99.47
5101803,Barra do Garças,25285,0.9569,45.25,33.0,96.4
5105234,Lambari D'Oeste,1723,0.84939,40.0,33.0,105.05
5105903,Nobres,5262,0.91776,41.56,33.0,104.16
5106828,Porto Esperidião,3457,0.88181,38.5,33.0,106.06
5106455,Planalto da Serra,1120,0.91458,41.91,33.0,106.52
5102504,Cáceres,31076,0.9224,43.48,33.0,98.01
5107305,São José do Rio Claro,5189,0.90532,34.41,33.0,103.06
5105309,Luciara,821,0.913,40.1,33.0,102.34
5100250,Alta Floresta,20928,0.942,38.36,33.0,100.89
5103452,Denise,2480,0.88616,35.51,33.0,103.01
5108956,Nova Monte Verde,2987,0.91022,36.85,33.0,110.24
1504406,Marapanim,8375,0.92723,49.18,33.0,105.58
1500800,Ananindeua,154891,0.97199,39.6,33.0,90.39
1507409,São Francisco do Pará,4949,0.88664,44.55,33.0,102.69
2512309,Princesa Isabel,7352,0.82125,52.01,33.0,96.03
2505006,Cubati,2627,0.80584,55.09,33.0,98.9
2508307,Lagoa Seca,9172,0.84582,48.03,33.0,94.98
2513901,São Bento,10940,0.76852,46.29,33.0,93.14
2501302,Aroeiras,6588,0.73755,57.76,33.0,98.19
2506004,Esperança,10821,0.81837,51.59,33.0,94.07
2515005,São Miguel de Taipu,2281,0.74721,43.31,33.0,98.54
2514305,São José de Caiana,1675,0.73881,57.53,33.0,102.49
2501005,Araruna,5768,0.69996,52.84,33.0,95.02
2502508,Boqueirão,5966,0.81561,49.56,33.0,97.55
2507002,Itaporanga,8186,0.83073,49.44,33.0,96.15
2506251,Gado Bravo,2749,0.7485,54.8,33.0,97.85
2511509,Pilar,4152,0.73685,45.36,33.0,97.07
2516151,Sossêgo,1160,0.75937,54.86,33.0,98.75
2509404,Mogeiro,4796,0.74583,49.79,33.0,95.87
2515302,Sapé,16897,0.7635,49.84,33.0,95.37
2506103,Fagundes,3784,0.74813,57.56,33.0,97.73
2511806,Pirpirituba,3088,0.78743,53.59,33.0,99.02
2505238,Cuité de Mamanguape,2102,0.69405,56.99,33.0,100.74
2509909,Natuba,3082,0.69997,56.32,33.0,100.92
2516607,Tavares,4796,0.75942,56.05,33.0,98.1
2516755,Tenório,1076,0.78886,48.15,33.0,102.46
2504355,Caturité,1802,0.83638,50.83,33.0,97.59
2517001,Umbuzeiro,2998,0.7119,55.42,33.0,94.33
2509206,Massaranduba,4859,0.7812,53.48,33.0,97.47
2507200,Itatuba,3484,0.72189,51.93,33.0,97.83
2508554,Logradouro,1537,0.77237,44.89,33.0,98.06
2505402,Desterro,2842,0.79968,55.09,33.0,94.06
2503803,Caldas Brandão,2015,0.73657,51.18,33.0,94.1
2507606,Juarez Távora,2799,0.71959,51.72,33.0,94.85
2512036,Poço Dantas,1277,0.70524,53.58,33.0,97.73
2515971,Sobrado,2762,0.75058,51.46,33.0,96.52
2511202,Pedras de Fogo,9752,0.76744,42.7,33.0,97.3
2509503,Montadas,1951,0.83188,51.54,33.0,97.08
2510204,Nova Olinda,1970,0.75383,52.64,33.0,100.87
2515708,Serra Grande,1046,0.81308,49.56,33.0,95.48
2501104,Areia,7361,0.78226,51.14,33.0,94.96
2500106,Água Branca,3267,0.81319,53.91,33.0,98.03
2512705,Remígio,5974,0.78839,56.16,33.0,90.06
2608057,Jatobá,4687,0.82634,44.63,33.0,95.95
2608453,Lagoa do Carro,6337,0.81187,44.14,33.0,91.29
2614402,Solidão,1796,0.79482,50.53,33.0,103.99
2611200,Poção,3844,0.75841,52.53,33.0,89.7
2600302,Agrestina,8551,0.76738,51.02,33.0,92.68
2606002,Garanhuns,49029,0.87837,45.35,33.0,87.87
2601805,Betânia,3774,0.74179,54.13,33.0,99.57
2601003,Angelim,3476,0.76823,55.62,33.0,96.0
2606200,Goiana,27962,0.86252,42.43,33.0,91.73
2610905,Pesqueira,22033,0.81781,51.31,33.0,93.56
2614303,Moreilândia,3487,0.80819,56.43,33.0,99.85
2603306,Calçado,3765,0.76046,48.76,33.0,98.69
2604502,Chã Grande,7287,0.77054,49.65,33.0,97.73
2605202,Escada,21041,0.8398,41.32,33.0,93.27
2612802,Santa Terezinha,3734,0.80575,51.71,33.0,93.69
2602704,Buenos Aires,4424,0.7706,47.38,33.0,95.24
2608701,Lagoa dos Gatos,4967,0.70893,52.62,33.0,95.5
2605004,Cupira,8469,0.80571,52.62,33.0,88.9
2610103,Palmeirina,2476,0.75096,55.43,33.0,91.74
2607604,Ilha de Itamaracá,7778,0.89198,44.35,33.0,120.37
2608602,Lagoa do Ouro,4152,0.72401,54.5,33.0,94.35
2610301,Paranatama,4207,0.75991,52.45,33.0,96.13
2613305,São Joaquim do Monte,7203,0.72335,50.12,33.0,98.7
2608503,Lagoa de Itaenga,6707,0.78524,44.63,33.0,90.81
2614600,Tabira,9976,0.83367,54.11,33.0,95.46
2610400,Parnamirim,6086,0.78206,52.77,33.0,101.41
2600104,Afogados da Ingazeira,14825,0.84889,53.61,33.0,93.58
2604809,Cortês,3611,0.75965,41.4,33.0,94.21
2611533,Quixaba,2277,0.78567,52.39,33.0,99.7
2600906,Amaraji,6408,0.78269,42.69,33.0,96.22
2616308,Vicência,9077,0.79938,43.33,33.0,93.84
2605152,Dormentes,5812,0.80316,50.52,33.0,100.16
2605103,Custódia,13447,0.7911,51.45,33.0,95.62
2612554,Santa Filomena,4091,0.7577,57.73,33.0,103.02
2603108,Cachoeirinha,7317,0.80701,52.3,33.0,93.48
2601508,Belém de Maria,3410,0.74273,50.7,33.0,98.58
2609006,Macaparana,7957,0.77672,53.24,33.0,95.7
2615508,Tracunhaém,4665,0.80618,38.78,33.0,95.25
2610004,Palmares,18422,0.83823,45.56,33.0,93.47
2202083,Cajueiro da Praia,2500,0.80862,45.32,33.0,104.08
2207702,Parnaíba,51548,0.8826,48.27,33.0,91.4
2202133,Campo Grande do Piauí,2083,0.74454,49.6,33.0,100.07
2201929,Bonfim do Piauí,1986,0.7053,52.72,33.0,103.9
2203255,Curralinhos,1423,0.78616,47.39,33.0,102.9
2202752,Colônia do Gurguéia,2063,0.83688,49.19,33.0,98.84
2200202,Água Branca,5880,0.84938,51.69,33.0,91.61
2201705,Bertolínia,1763,0.83364,51.4,33.0,103.89
2202026,Buriti dos Montes,2363,0.76572,60.54,33.0,107.48
2205508,José de Freitas,13258,0.81103,47.39,33.0,97.3
2207306,Paes Landim,1353,0.80416,51.62,33.0,105.74
2201556,Bela Vista do Piauí,1233,0.84277,45.13,33.0,105.89
2205805,Luzilândia,7890,0.74289,50.81,33.0,100.48
2209658,São Francisco de Assis do Piauí,1885,0.74369,41.43,33.0,103.95
2207405,Palmeira do Piauí,1604,0.80737,48.4,33.0,108.77
2200400,Altos,15172,0.8302,47.42,33.0,99.56
2202091,Caldeirão Grande do Piauí,1857,0.74035,56.95,33.0,100.55
2200707,Anísio de Abreu,3186,0.77164,45.0,33.0,103.13
2201919,Bom Princípio do Piauí,1819,0.77321,46.59,33.0,109.99
2205581,Lagoa do Piauí,1591,0.82261,47.75,33.0,104.51
2208205,Pio IX,6095,0.75223,51.74,33.0,98.75
2208304,Piracuruca,10018,0.76738,51.93,33.0,96.85
2210631,Sebastião Leal,1443,0.79176,46.19,33.0,107.08
2210953,Tamboril do Piauí,1005,0.73746,43.6,33.0,105.22
2204907,Isaías Coelho,2586,0.72329,50.75,33.0,98.11
4119103,Piên,4706,0.97347,42.57,33.0,102.45
4107207,Dois Vizinhos,16963,0.95989,50.93,33.0,97.64
4128534,Ventania,3444,0.90137,45.68,33.0,104.93
4115606,Matelândia,6501,0.94526,52.19,33.0,97.24
4126306,Sengés,6101,0.93,44.51,33.0,103.1
4114500,Manoel Ribas,4939,0.91751,51.56,33.0,96.63
4103958,Campina do Simão,1379,0.93039,49.82,33.0,114.5
4108650,Goioxim,2305,0.91324,48.3,33.0,108.18
4128708,Vitorino,3485,0.95584,45.08,33.0,101.2
4109401,Guarapuava,63944,0.96127,45.58,33.0,95.75
4113254,Laranjal,1888,0.86095,42.48,33.0,104.23
4108304,Foz do Iguaçu,100235,0.96069,42.61,33.0,94.01
4112009,Jaguariaíva,12769,0.95041,41.11,33.0,97.64
4118204,Paranaguá,49001,0.97339,41.93,33.0,96.81
4118501,Pato Branco,34318,0.97248,52.01,33.0,92.95
4115804,Medianeira,19553,0.9647,50.15,33.0,98.12
4119905,Ponta Grossa,127673,0.97654,48.59,33.0,93.94
4104808,Cascavel,129853,0.96828,47.74,33.0,93.91
4108502,General Carneiro,3835,0.91499,43.75,33.0,99.46
4105805,Colombo,81736,0.96836,38.59,33.0,94.43
4121257,Ramilândia,1460,0.8742,49.89,33.0,104.8
4101606,Arapoti,9190,0.94328,45.32,33.0,99.47
4126272,Saudade do Iguaçu,2119,0.9269,48.0,33.0,99.41
4104006,Campina Grande do Sul,16927,0.96297,38.18,33.0,95.69
4101804,Araucária,53283,0.97169,35.67,33.0,95.82
4103107,Bocaiúva do Sul,4650,0.9435,46.14,33.0,99.68
4102901,Bituruna,5183,0.94343,44.89,33.0,104.3
4110953,Itaipulândia,4120,0.9281,49.27,33.0,99.36
4110201,Inácio Martins,3294,0.92763,45.8,33.0,103.54
4114104,Mandaguaçu,11311,0.95149,45.22,33.0,97.11
4124020,Santa Tereza do Oeste,4667,0.94151,41.2,33.0,97.39
4103453,Cafelândia,6776,0.95172,39.82,33.0,99.86
4127965,Turvo,5015,0.91873,49.54,33.0,102.55
4125506,São José dos Pinhais,117132,0.97635,37.23,33.0,95.42
4126678,Tamarana,3686,0.89252,51.74,33.0,100.58
4110508,Ipiranga,4914,0.95132,45.48,33.0,107.73
2408300,Nova Cruz,11514,0.7647,52.96,33.0,95.18
2404853,Itajá,2398,0.80756,41.47,33.0,100.38
2401602,Bento Fernandes,1553,0.7892,55.49,33.0,99.21
2414456,Triunfo Potiguar,1128,0.74693,55.15,33.0,101.91
2404705,Ipanguaçu,4471,0.77773,43.79,33.0,97.61
2406155,Jundiá,1245,0.75468,54.75,33.0,103.54
2411205,Santa Cruz,12786,0.81717,49.24,33.0,91.28
2401909,Caiçara do Rio do Vento,1050,0.79172,54.3,33.0,101.11
2407906,Monte das Gameleiras,796,0.77858,51.83,33.0,100.0
2411502,Santo Antônio,7694,0.76855,55.01,33.0,99.56
2400307,Afonso Bezerra,3368,0.77373,51.18,33.0,101.36
2412500,São Miguel,8266,0.7613,58.13,33.0,93.86
2414001,Tangará,4485,0.79609,47.81,33.0,96.84
2406502,Lagoa Nova,5106,0.80577,49.47,33.0,95.62
2413102,Senador Elói de Souza,2039,0.75075,54.92,33.0,101.93
2405306,Boa Saúde,3066,0.72167,51.59,33.0,106.17
2401701,Bom Jesus,3455,0.79404,53.91,33.0,92.61
2401800,Brejinho,4197,0.78899,50.66,33.0,96.3
2405405,Japi,1776,0.75375,53.61,33.0,97.49
2411601,São Bento do Norte,1046,0.80629,48.63,33.0,106.5
1100379,Alto Alegre dos Parecis,4036,0.90791,40.05,33.0,104.98
1100098,Espigão D'Oeste,10470,0.92009,41.06,33.0,100.72
1100189,Pimenta Bueno,12351,0.93247,39.64,33.0,100.41
1100114,Jaru,18947,0.9239,44.25,33.0,97.37
1101468,Pimenteiras do Oeste,740,0.93152,32.71,33.0,102.63
1100403,Alto Paraíso,5762,0.91732,39.21,33.0,104.56
1100049,Cacoal,31917,0.93716,43.5,33.0,95.93
1100700,Campo Novo de Rondônia,3066,0.90457,33.53,33.0,111.53
1100288,Rolim de Moura,20991,0.93503,42.07,33.0,97.46
4304358,Candiota,4103,0.95509,41.41,33.0,104.55
4200101,Abelardo Luz,6030,0.92662,43.83,33.0,100.51
4219853,Zortéa,1463,0.95415,47.13,33.0,104.16
4206652,Guatambú,2913,0.94649,42.14,33.0,106.29
4216305,São João Batista,11626,0.97811,36.6,33.0,97.84
4203501,Campo Erê,3485,0.91473,56.16,33.0,101.28
4208203,Itajaí,94053,0.98115,38.77,33.0,96.57
4203006,Caçador,26333,0.96423,44.39,33.0,98.21
4211900,Palhoça,81734,0.97739,38.2,33.0,96.1
4211306,Navegantes,29442,0.97307,39.63,33.0,96.98
4207502,Indaial,25814,0.98035,44.47,33.0,98.55
4213401,Ponte Serrada,3780,0.93339,49.68,33.0,98.19
4218509,Treze Tílias,3253,0.97158,45.5,33.0,98.35
4214003,Presidente Getúlio,7008,0.97961,50.68,33.0,98.61
4202800,Braço do Norte,11856,0.97527,46.68,33.0,98.29
4207106,Ilhota,5861,0.96156,40.14,33.0,102.98
4212908,Pinhalzinho,8160,0.96612,49.7,33.0,98.12
4210001,Luiz Alves,3984,0.96918,46.21,33.0,102.71
2806909,São Francisco,1142,0.78985,44.16,33.0,95.72
2807501,Tomar do Geru,4364,0.74028,43.47,33.0,99.83
2802106,Estância,23221,0.86085,41.79,33.0,91.48
2805703,Propriá,9183,0.85342,41.44,33.0,91.97
2804607,Nossa Senhora das Dores,9129,0.79107,49.87,33.0,94.61
2803500,Lagarto,36747,0.81559,49.26,33.0,93.71
2807105,Simão Dias,15526,0.80652,51.86,33.0,93.72
2800100,Amparo de São Francisco,743,0.81265,40.59,33.0,100.18
2800407,Arauá,3630,0.75994,45.29,33.0,95.38
2801405,Carira,7399,0.74831,54.67,33.0,96.4
2803906,Malhador,4176,0.79308,45.28,33.0,95.81
2803302,Japaratuba,5679,0.84721,44.88,33.0,93.24
2806602,Santo Amaro das Brotas,3791,0.83856,42.92,33.0,95.08
2807402,Tobias Barreto,18570,0.7992,52.91,33.0,95.32
2805000,Pedra Mole,957,0.82063,51.62,33.0,97.86
2805802,Riachão do Dantas,6273,0.73908,54.53,33.0,99.53
2804409,Neópolis,5729,0.80613,43.68,33.0,96.34
2801009,Campo do Brito,6792,0.79482,51.45,33.0,92.99
3523503,Itatinga,6025,0.94273,48.03,33.0,112.64
3515194,Espírito Santo do Turvo,1482,0.91659,44.71,33.0,98.99
3533254,Novais,1593,0.94585,46.17,33.0,101.0
3505609,Barrinha,11196,0.93736,37.05,33.0,97.27
3510302,Capela do Alto,7119,0.95576,50.18,33.0,121.27
3516408,Franco da Rocha,49319,0.95958,42.31,33.0,100.89
3527306,Louveira,17902,0.96534,39.41,33.0,98.91
3553005,Taguaí,4353,0.95531,49.01,33.0,98.14
3551504,Serrana,14890,0.95532,41.78,33.0,96.65
3507456,Borebi,966,0.96558,46.96,33.0,96.31
3540200,Pontal,13115,0.94144,40.62,33.0,101.15
3521002,Iperó,11765,0.95974,44.16,33.0,115.94
3509957,Canas,1575,0.95857,41.54,33.0,99.96
3524006,Itupeva,23690,0.97414,37.53,33.0,100.33
3508405,Cabreúva,15550,0.96303,41.28,33.0,98.07
3512209,Conchal,9456,0.93883,50.12,33.0,99.45
3533205,Nova Independência,1471,0.96121,49.82,33.0,122.66
3509205,Cajamar,32640,0.9653,31.95,33.0,96.09
3515004,Embu das Artes,87990,0.95753,39.46,33.0,92.75
3532207,Narandiba,2063,0.93897,41.07,33.0,98.64
3515707,Ferraz de Vasconcelos,61301,0.96146,39.61,33.0,93.58
3514007,Dobrada,3076,0.90765,44.99,33.0,98.84
3506359,Bertioga,22728,0.96457,40.87,33.0,99.03
3549508,São José da Bela Vista,2667,0.93243,54.74,33.0,100.68
3504404,Avanhandava,3539,0.94768,55.68,33.0,122.68
3525409,Jeriquara,1318,0.94325,42.69,33.0,106.58
3509254,Cajati,9915,0.9355,47.79,33.0,101.09
3540754,Potim,5742,0.95245,39.35,33.0,129.02
1721257,Tupirama,658,0.87973,40.31,33.0,111.41
1710904,Itapiratins,1274,0.84096,48.72,33.0,107.24
1709302,Guaraí,8831,0.92253,47.15,33.0,99.9
1720002,Santa Terezinha do Tocantins,791,0.84687,47.26,33.0,103.38
1703867,Cariri do Tocantins,1280,0.91153,48.27,33.0,127.28
1718709,Rio dos Bois,961,0.8613,46.25,33.0,103.12
1718451,Pugmil,785,0.90029,44.78,33.0,107.87
1712009,Lajeado,1164,0.93573,42.27,33.0,112.47
1720937,Taipas do Tocantins,680,0.85903,45.53,33.0,110.96
1701101,Aparecida do Rio Negro,1659,0.88967,47.17,33.0,108.86
1708205,Formoso do Araguaia,6457,0.89842,43.07,33.0,107.6
1718881,Santa Maria do Tocantins,922,0.88089,44.36,33.0,107.75
1709500,Gurupi,30592,0.95565,41.19,33.0,94.47
1700707,Alvorada,3123,0.91229,47.49,33.0,96.3
1720655,Silvanópolis,1728,0.88779,48.0,33.0,102.86
1703602,Brasilândia do Tocantins,689,0.86591,42.95,33.0,104.77
1712405,Lizarda,987,0.83289,50.07,33.0,114.06
1705102,Chapada da Natividade,1028,0.85989,46.56,33.0,111.04
2700805,Belém,1676,0.76026,56.6,35.0,92.73
2702553,Estrela de Alagoas,5540,0.65802,66.38,35.0,94.93
2903706,Boa Nova,4728,0.72874,73.36,35.0,99.24
2917359,Jaborandi,3257,0.80079,61.61,35.0,105.75
2929370,São José do Jacuípe,3816,0.78317,58.94,35.0,97.92
2920007,Maiquinique,3173,0.83013,57.15,35.0,100.3
2922409,Mutuípe,7460,0.82191,57.18,35.0,92.57
2930766,Sítio do Quinto,5121,0.71809,71.61,35.0,102.98
2901908,Aporá,5647,0.78468,62.45,35.0,101.37
2904209,Botuporã,3637,0.77244,73.07,35.0,100.87
2911303,Gentio do Ouro,3651,0.81847,64.36,35.0,105.36
2918001,Jequié,57855,0.88194,54.52,35.0,92.02
2918308,Jitaúna,5121,0.76894,65.16,35.0,102.64
2918456,Jucuruçu,3499,0.72977,59.64,35.0,111.36
2902203,Aramari,3492,0.83529,54.88,35.0,93.83
2906303,Canavieiras,11903,0.83636,57.61,35.0,99.85
2926400,Riacho de Santana,10101,0.78515,61.99,35.0,101.07
2903235,Barro Alto,4748,0.88495,58.47,35.0,102.06
2915809,Itambé,8090,0.79943,55.81,35.0,101.7
2915106,Itagi,4652,0.79511,63.93,35.0,101.42
2928307,Santanópolis,3033,0.81565,67.87,35.0,90.26
2908507,Conceição do Jacuípe,12812,0.91091,49.53,35.0,90.63
2925006,Planalto,8313,0.77919,60.97,35.0,93.98
2926657,Ribeirão do Largo,3308,0.73988,55.12,35.0,111.1
2918803,Laje,7523,0.79076,51.58,35.0,99.09
2919603,Macajuba,3881,0.78447,61.26,35.0,95.47
2925204,Pojuca,11843,0.91305,45.8,35.0,88.0
2914505,Irará,9942,0.83863,62.47,35.0,92.31
2920502,Maracás,9980,0.81718,58.29,35.0,96.42
2906501,Candeias,26441,0.92815,45.34,35.0,88.21
2924108,Pedrão,2107,0.84742,70.83,35.0,93.15
2911501,Gongogi,1986,0.8026,62.73,35.0,99.46
2919207,Lauro de Freitas,75302,0.96316,42.66,35.0,88.19
2907301,Castro Alves,8706,0.82529,60.73,35.0,90.11
2919801,Macaúbas,14083,0.80145,68.9,35.0,98.5
2931905,Tucano,17387,0.76957,61.55,35.0,98.23
2904902,Cachoeira,10718,0.86807,56.88,35.0,91.63
2918209,Jiquiriçá,4812,0.80511,58.18,35.0,99.75
2925956,Rafael Jambeiro,6644,0.76172,70.36,35.0,92.93
2900702,Alagoinhas,55585,0.92466,49.75,35.0,88.07
2904001,Boninal,4339,0.85329,65.38,35.0,95.97
2916203,Itapé,3715,0.81557,56.7,35.0,100.68
2924306,Piatã,6544,0.83604,70.7,35.0,94.69
2911600,Governador Mangabeira,7000,0.84768,53.71,35.0,88.24
2925808,Queimadas,9032,0.82141,60.05,35.0,97.55
2912608,Ibiquera,1286,0.81367,60.49,35.0,104.78
2929354,São José da Vitória,2061,0.78303,57.7,35.0,101.55
2927309,Salinas da Margarida,5330,0.9126,50.11,35.0,91.7
2901957,Apuarema,2489,0.76122,63.45,35.0,101.55
2907608,Central,5726,0.85189,60.78,35.0,102.48
2914000,Ipirá,21217,0.77447,66.77,35.0,93.42
2921609,Morpará,2766,0.81069,62.39,35.0,104.97
2925907,Quijingue,8778,0.71217,68.42,35.0,104.37
2922508,Nazaré,9972,0.84937,51.14,35.0,92.86
2923050,Novo Triunfo,3262,0.78883,62.39,35.0,97.81
2909604,Crisópolis,7269,0.7716,56.44,35.0,100.54
2917706,Jaguarari,11861,0.84316,58.86,35.0,100.69
2901353,Andorinha,5961,0.8078,61.34,35.0,98.97
2904308,Brejões,4728,0.79198,65.88,35.0,96.85
2924652,Pintadas,3566,0.80259,79.78,35.0,99.71
2915304,Itagimirim,2345,0.77649,57.52,35.0,99.65
2930105,Senhor do Bonfim,26895,0.87451,54.47,35.0,91.57
2910909,Firmino Alves,1800,0.83865,65.65,35.0,101.53
2911907,Iaçu,9006,0.78081,59.78,35.0,93.79
2916401,Itapetinga,24058,0.89084,54.7,35.0,92.52
2922904,Nova Soure,8691,0.77073,62.12,35.0,99.08
2929602,Sapeaçu,6357,0.8704,57.53,35.0,93.13
2911709,Guanambi,30379,0.88158,55.88,35.0,94.13
2926103,Retirolândia,4969,0.86371,56.04,35.0,95.99
2919702,Macarani,7239,0.79611,56.57,35.0,95.08
2921500,Monte Santo,16912,0.72339,63.7,35.0,102.66
2309409,Novo Oriente,9816,0.7293,64.29,35.0,98.19
2304400,Fortaleza,860139,0.9438,56.03,35.0,86.57
2307502,Lavras da Mangabeira,10477,0.78645,73.0,35.0,100.3
2309904,Pacujá,2199,0.79226,63.56,35.0,92.31
2314003,Várzea Alegre,14046,0.7845,73.09,35.0,94.82
2309300,Nova Russas,10843,0.79251,69.21,35.0,97.24
2300705,Alto Santo,4972,0.79672,58.47,35.0,96.71
2305332,Ibicuitinga,4074,0.75633,58.69,35.0,104.1
2306702,Jaguaretama,6050,0.76711,68.33,35.0,103.06
2301703,Aurora,8422,0.77555,67.06,35.0,98.88
2305506,Iguatu,34954,0.82991,61.37,35.0,90.9
2305902,Ipueiras,13285,0.75309,64.89,35.0,98.48
2311264,Quiterianópolis,6944,0.74468,63.33,35.0,98.58
2305407,Icó,21424,0.74098,60.53,35.0,94.99
2301257,Ararendá,3960,0.77289,64.73,35.0,101.09
2309003,Mucambo,4994,0.75969,68.27,35.0,94.15
2310506,Pedra Branca,14235,0.76491,70.91,35.0,97.46
2305209,Hidrolândia,6340,0.78715,66.83,35.0,101.32
2306009,Iracema,4795,0.78347,70.88,35.0,98.43
2308302,Milagres,8755,0.78894,61.88,35.0,95.69
2302206,Beberibe,18251,0.80029,60.73,35.0,99.18
2311900,Saboeiro,4926,0.72297,67.25,35.0,99.86
2300408,Aiuaba,4923,0.71662,64.28,35.0,99.35
2304301,Farias Brito,6414,0.75107,69.88,35.0,99.09
2313203,Tamboril,8624,0.74911,69.68,35.0,99.03
2308609,Monsenhor Tabosa,5827,0.7863,66.63,35.0,99.01
2309458,Ocara,8790,0.75945,61.6,35.0,100.16
2300804,Antonina do Norte,2594,0.73352,70.46,35.0,96.02
2301000,Aquiraz,27749,0.8613,48.72,35.0,100.21
2304103,Crateús,27119,0.8212,64.66,35.0,94.77
2313302,Tauá,21105,0.79397,68.79,35.0,95.84
2307601,Limoeiro do Norte,21437,0.85721,58.18,35.0,92.96
2307007,Jaguaruana,11726,0.77706,56.86,35.0,95.26
2308500,Mombaça,13653,0.73428,71.37,35.0,98.58
2313252,Tarrafas,2661,0.73313,74.07,35.0,98.71
3201605,Conceição da Barra,9557,0.88724,49.62,35.0,95.26
3201308,Cariacica,130112,0.95472,49.46,35.0,93.06
3204104,Pinheiros,8538,0.8822,51.37,35.0,99.54
3204351,Rio Bananal,6923,0.914,55.18,35.0,104.87
3201803,Divino de São Lourenço,1902,0.89734,57.16,35.0,106.37
3205176,Vila Valério,4930,0.91484,56.01,35.0,106.44
3202801,Itapemirim,14039,0.92058,52.76,35.0,95.95
5200100,Abadiânia,6162,0.92761,52.93,35.0,104.56
5204805,Campo Alegre de Goiás,2616,0.94349,44.88,35.0,106.91
5218003,Porangatu,16372,0.91821,53.83,35.0,98.43
5200134,Acreúna,7898,0.90695,48.72,35.0,104.24
5216452,Perolândia,1057,0.90874,54.28,35.0,113.54
5208707,Goiânia,549071,0.97513,57.01,35.0,90.01
5200175,Água Fria de Goiás,1797,0.89065,48.12,35.0,109.83
5222005,Vianópolis,5499,0.93451,49.33,35.0,98.51
5209952,Indiara,6325,0.91783,48.29,35.0,105.8
5203962,Buritinópolis,1106,0.81177,53.01,35.0,101.99
5219258,Santa Fé de Goiás,1859,0.91553,51.76,35.0,108.81
5221601,Uruaçu,15775,0.9277,53.41,35.0,96.53
5202502,Aruanã,3034,0.91292,45.21,35.0,109.17
5210901,Itapaci,7793,0.91575,50.69,35.0,100.73
5218789,Rio Quente,1390,0.9507,45.51,35.0,100.31
5212253,Lagoa Santa,537,0.94485,39.74,35.0,97.44
5211800,Jaraguá,16597,0.92819,50.43,35.0,99.44
5203559,Bonfinópolis,3805,0.92757,47.94,35.0,100.9
5204102,Cachoeira Alta,4296,0.91936,55.44,35.0,105.19
5218508,Quirinópolis,17985,0.93327,56.25,35.0,98.47
5219100,Santa Bárbara de Goiás,2252,0.89609,55.78,35.0,96.96
2108900,Poção de Pedras,5705,0.74658,54.44,35.0,100.55
2109056,Porto Rico do Maranhão,1873,0.86981,56.47,35.0,105.88
2101905,Bequimão,6707,0.81473,60.35,35.0,102.13
3157203,Santa Bárbara,10596,0.95295,53.98,35.0,94.81
3160454,Santo Antônio do Retiro,2202,0.76713,59.64,35.0,99.97
3162955,São José da Lapa,8973,0.96593,49.23,35.0,95.83
3124302,Espinosa,10383,0.82431,62.71,35.0,97.03
3171071,Veredinha,1917,0.83369,68.38,35.0,103.58
3110509,Camanducaia,9668,0.92979,58.37,35.0,102.0
3113008,Caraí,6871,0.80548,61.84,35.0,100.18
3121902,Divinésia,1579,0.93414,60.36,35.0,99.53
3138104,Lassance,2556,0.89477,67.77,35.0,102.04
3107901,Bom Repouso,4472,0.92827,55.45,35.0,107.94
3122454,Divisópolis,3156,0.8107,68.05,35.0,105.58
3138351,Leme do Prado,1526,0.87104,56.46,35.0,97.86
3166303,Sericita,2577,0.86581,57.32,35.0,106.15
3104452,Aricanduva,1676,0.84181,57.38,35.0,103.67
3140555,Mata Verde,2914,0.81097,66.25,35.0,99.3
3149002,Pedra Dourada,1004,0.91285,64.76,35.0,100.07
3162401,São João da Ponte,7897,0.78298,64.45,35.0,106.12
3170206,Uberlândia,268012,0.97132,56.09,35.0,93.15
3130507,Ilicínea,4616,0.93541,69.15,35.0,103.92
3124203,Espera Feliz,9292,0.90707,62.59,35.0,98.04
3134400,Iturama,14911,0.93555,53.09,35.0,97.89
3170503,Urucânia,3566,0.88646,60.66,35.0,98.35
3129608,Ibiaí,2214,0.8789,55.9,35.0,102.77
3111507,Campos Altos,4679,0.91572,55.41,35.0,99.52
3165602,Senador Cortes,801,0.90334,57.32,35.0,101.08
3106655,Berizal,1392,0.82579,58.84,35.0,100.62
3136900,Juruaia,4009,0.95369,64.25,35.0,101.56
3151602,Planura,4063,0.94246,51.36,35.0,102.78
3161908,São Gonçalo do Rio Abaixo,3946,0.93491,53.82,35.0,95.48
3121605,Diamantina,16904,0.93503,60.9,35.0,94.57
3135357,Japonvar,2860,0.82726,63.93,35.0,103.79
3140704,Mateus Leme,13856,0.94566,53.89,35.0,97.37
3128006,Guanhães,11920,0.92121,64.82,35.0,93.88
3145356,Novo Oriente de Minas,3691,0.77424,73.96,35.0,102.74
3118007,Congonhas,17985,0.96797,52.9,35.0,96.41
3137403,Lagoa Dourada,4109,0.9529,59.81,35.0,104.34
3127800,Grão Mogol,4805,0.83914,56.65,35.0,105.97
3132701,Itambacuri,7402,0.838,68.93,35.0,92.23
3144656,Ninheira,3313,0.77426,69.77,35.0,105.51
3147105,Pará de Minas,35488,0.96847,62.2,35.0,96.15
3157104,Salto da Divisa,2106,0.81404,64.19,35.0,100.13
3116100,Chapada do Norte,3479,0.77142,63.77,35.0,95.7
3117836,Cônego Marinho,2373,0.83946,64.97,35.0,103.12
3136504,Jordânia,3472,0.83998,72.24,35.0,103.27
3158003,Santa Maria de Itabira,3435,0.90504,66.24,35.0,97.01
3158904,Santana do Manhuaçu,3160,0.88455,57.57,35.0,104.9
3164472,São Sebastião do Anta,2274,0.8553,54.34,35.0,98.65
3112059,Cantagalo,1387,0.87786,66.06,35.0,100.5
3148608,Peçanha,5629,0.84987,71.32,35.0,99.45
3104502,Arinos,6166,0.89509,58.15,35.0,103.2
3112901,Caputira,3089,0.89745,63.14,35.0,100.72
3137536,Lagoa Grande,3389,0.91702,57.02,35.0,105.95
3150208,Piedade de Ponte Nova,1322,0.88339,62.72,35.0,99.1
3100906,Águas Formosas,6600,0.83327,65.42,35.0,100.94
3113909,Carmo da Cachoeira,3939,0.91996,61.78,35.0,101.38
3122603,Dom Joaquim,1728,0.88973,71.24,35.0,100.94
3142007,Mirabela,4539,0.87491,68.81,35.0,100.1
3113800,Carmésia,910,0.8906,58.08,35.0,102.41
3136306,João Pinheiro,17082,0.92777,52.13,35.0,102.65
3140100,Marilac,1565,0.86949,70.19,35.0,94.92
3160959,São Domingos das Dores,1944,0.89184,50.22,35.0,100.79
3110103,Caiana,1982,0.91364,58.73,35.0,105.03
3134004,Itinga,4573,0.8383,72.96,35.0,98.68
3122009,Divino,7697,0.88584,63.59,35.0,102.38
3133600,Itapeva,4448,0.94053,60.52,35.0,103.14
3141306,Medeiros,1428,0.95066,61.11,35.0,109.34
3135308,Japaraíba,1542,0.95282,55.09,35.0,103.71
3155504,Rio Paranaíba,5619,0.94278,55.12,35.0,101.72
3168002,Taiobeiras,11732,0.86291,61.76,35.0,95.37
3104007,Araxá,40329,0.96793,58.71,35.0,96.37
3106309,Belo Oriente,8096,0.92252,55.84,35.0,98.94
3125952,Fervedouro,3800,0.87889,56.91,35.0,105.73
3131901,Itabirito,18149,0.96969,57.34,35.0,95.53
3169505,Tumiritinga,2259,0.89038,62.57,35.0,100.27
3149952,Periquito,2293,0.87986,57.56,35.0,96.08
3136520,José Gonçalves de Minas,1384,0.8689,52.91,35.0,101.98
3138625,Limeira do Oeste,3320,0.93969,48.18,35.0,103.82
3105400,Barão de Cocais,10617,0.95708,54.52,35.0,95.76
3116605,Cláudio,10794,0.96263,56.05,35.0,99.85
3148103,Patrocínio,31745,0.94835,56.24,35.0,100.85
3103702,Araponga,2862,0.86735,59.52,35.0,104.11
3108503,Botumirim,2086,0.8667,57.96,35.0,108.72
3142254,Miravânia,1354,0.79593,60.67,35.0,100.76
3146206,Ouro Verde de Minas,1984,0.83877,65.91,35.0,99.41
3103900,Araújos,3354,0.94622,58.68,35.0,101.03
3145901,Ouro Branco,13657,0.96448,53.49,35.0,96.3
3114105,Carmo de Minas,4641,0.92236,61.06,35.0,100.01
3126802,Frei Gaspar,2011,0.80444,60.8,35.0,101.36
3152808,Prata,10439,0.92903,56.08,35.0,102.04
3120102,Couto de Magalhães de Minas,1480,0.90024,65.17,35.0,95.08
3158201,Santa Maria do Suaçuí,4558,0.83299,70.86,35.0,99.44
3160207,Santo Antônio do Itambé,1340,0.79337,78.31,35.0,99.44
3125606,Felisburgo,2329,0.81299,66.88,35.0,103.99
3137700,Lajinha,7644,0.89089,55.05,35.0,101.13
3147402,Paraopeba,8773,0.95242,58.53,35.0,95.23
3151404,Pitangui,9528,0.95155,63.79,35.0,95.27
5007406,Rio Verde de Mato Grosso,7312,0.90875,53.99,35.0,100.85
5007505,Rochedo,1892,0.90759,50.53,35.0,103.17
5003504,Douradina,2012,0.92302,51.57,35.0,98.51
5004106,Guia Lopes da Laguna,3586,0.91301,61.9,35.0,101.21
5005103,Jateí,1262,0.91365,50.13,35.0,103.87
5000252,Alcinópolis,1770,0.91263,44.39,35.0,107.74
5002001,Batayporã,3868,0.90603,49.78,35.0,97.75
5003454,Deodápolis,5131,0.91682,52.08,35.0,99.75
5007802,Selvíria,3006,0.92968,52.02,35.0,103.96
5003306,Coxim,12127,0.92479,50.16,35.0,98.51
5106257,Nova Xavantina,9282,0.93651,48.99,35.0,106.49
5106299,Paranaíta,4080,0.91152,44.15,35.0,108.3
5107800,Santo Antônio do Leverger,5124,0.89906,48.56,35.0,104.62
5107008,Poxoréo,8326,0.89461,50.64,35.0,108.37
5108055,Terra Nova do Norte,3845,0.91533,51.93,35.0,101.94
5103106,Cocalinho,2276,0.89396,42.1,35.0,109.71
5106216,Nova Canaã do Norte,4289,0.91991,46.17,35.0,108.09
5100300,Alto Araguaia,6644,0.92018,50.22,35.0,103.68
5107883,Serra Nova Dourada,641,0.90844,36.8,35.0,114.29
5108808,Nova Guarita,1670,0.93096,49.47,35.0,106.11
5106281,Novo São Joaquim,2536,0.90269,39.55,35.0,107.84
5106653,Pontal do Araguaia,2622,0.94258,47.27,35.0,100.12
1505601,Peixe-Boi,2947,0.82072,52.62,35.0,102.91
1505007,Nova Timboteua,4560,0.86347,57.98,35.0,103.17
2501203,Areial,2469,0.81625,60.11,35.0,93.33
2501708,Barra de São Miguel,2105,0.79515,59.32,35.0,104.36
2508802,Malta,2053,0.77421,63.86,35.0,94.16
2516201,Sousa,22551,0.83325,58.75,35.0,93.14
2517407,Zabelê,835,0.80599,55.4,35.0,96.13
2506509,Gurjão,1145,0.83476,63.46,35.0,98.05
2507507,João Pessoa,296249,0.93866,52.19,35.0,87.45
2503308,Cachoeira dos Índios,3132,0.78201,63.69,35.0,99.24
2515104,São Sebastião de Lagoa de Roça,3764,0.81427,57.43,35.0,95.64
2502151,Boa Vista,2150,0.87186,58.28,35.0,98.91
2516409,Tacima,2728,0.71862,65.96,35.0,99.75
2515203,São Sebastião do Umbuzeiro,1260,0.78463,63.96,35.0,103.92
2509107,Mari,7354,0.74038,60.14,35.0,95.56
2510402,Olho d'Água,2039,0.71285,57.41,35.0,96.56
2504702,Congo,1869,0.77633,66.56,35.0,95.6
2509800,Mulungu,3036,0.75303,54.42,35.0,93.55
2503753,Cajazeirinhas,883,0.71191,57.67,35.0,101.92
2509701,Monteiro,12129,0.81502,61.1,35.0,95.54
2515807,Serra Redonda,2430,0.78352,68.49,35.0,94.7
2515609,Serra da Raiz,1000,0.74658,58.27,35.0,96.82
2512606,Quixabá,574,0.82349,55.21,35.0,105.54
2501906,Belém,5838,0.75744,67.5,35.0,97.55
2508000,Juru,3208,0.7529,59.28,35.0,98.24
2503407,Cacimba de Areia,1128,0.79838,53.42,35.0,100.67
2504405,Conceição,6227,0.73432,58.85,35.0,101.15
2500809,Araçagi,5694,0.71509,62.64,35.0,97.48
2509156,Marizópolis,2208,0.80792,59.53,35.0,95.54
2504157,Casserengue,2412,0.67958,64.53,35.0,99.68
2514651,São José do Brejo do Cruz,542,0.78481,52.39,35.0,99.41
2503902,Camalaú,2423,0.76369,66.56,35.0,95.09
2511004,Pedra Branca,1269,0.78156,59.9,35.0,95.55
2613602,São José do Egito,11850,0.83486,65.92,35.0,92.83
2605509,Ferreiros,4937,0.79851,57.01,35.0,93.53
2610509,Passira,10376,0.76238,55.98,35.0,94.28
2608107,João Alfredo,10271,0.7428,64.39,35.0,90.59
2614105,Sertânia,11767,0.80416,57.69,35.0,95.7
2607109,Ingazeira,1692,0.79646,60.04,35.0,103.37
2609402,Moreno,19595,0.86165,50.86,35.0,91.28
2616183,Vertente do Lério,2655,0.72452,67.44,35.0,99.0
2604007,Carpina,27652,0.87716,51.53,35.0,88.6
2606705,Ibirajuba,2641,0.7444,64.49,35.0,100.79
2615300,Timbaúba,16204,0.82901,59.56,35.0,90.16
2600054,Abreu e Lima,34672,0.91323,49.83,35.0,91.16
2602209,Bom Jardim,13250,0.77406,60.84,35.0,94.79
2607901,Jaboatão dos Guararapes,235151,0.92793,48.84,35.0,87.17
2605608,Flores,7520,0.75087,66.1,35.0,96.72
2605459,Fernando de Noronha,717,0.96492,33.77,35.0,108.91
2606408,Gravatá,32074,0.83266,54.81,35.0,92.03
2201960,Brasileira,2820,0.75241,60.34,35.0,100.48
2202059,Cabeceiras do Piauí,3208,0.73212,60.91,35.0,101.82
2206407,Monsenhor Gil,3515,0.81928,66.97,35.0,92.04
2201572,Belém do Piauí,1131,0.70682,59.23,35.0,98.9
2207793,Pau D'Arco do Piauí,1307,0.74209,66.24,35.0,106.27
2204303,Fronteiras,3540,0.76331,64.98,35.0,96.53
2208874,Ribeira do Piauí,1395,0.72861,54.75,35.0,103.16
2206357,Milton Brandão,2138,0.69891,59.8,35.0,104.76
2202455,Capitão Gervásio Oliveira,1448,0.76493,57.48,35.0,108.06
2205516,Juazeiro do Piauí,1771,0.77506,67.32,35.0,106.33
2209559,São Braz do Piauí,1519,0.7718,58.55,35.0,106.34
2200053,Acauã,2216,0.8311,55.04,35.0,104.2
2204154,Francisco Macedo,1020,0.72658,55.59,35.0,99.52
2210391,São Miguel do Fidalgo,931,0.77303,56.79,35.0,109.25
2202307,Canto do Buriti,6803,0.78628,63.01,35.0,98.6
2205300,Jerumenha,1493,0.80843,66.18,35.0,103.67
2209955,São João da Varjota,1470,0.72318,58.11,35.0,96.11
2210805,Simplício Mendes,4686,0.83525,52.93,35.0,100.93
2202604,Castelo do Piauí,6566,0.76967,62.05,35.0,98.52
2204600,Hugo Napoleão,1187,0.74284,61.43,35.0,97.64
4112801,Joaquim Távora,4369,0.94879,60.0,35.0,97.54
4107546,Espigão Alto do Iguaçu,1734,0.88254,54.54,35.0,105.35
4115903,Mirador,818,0.89868,51.93,35.0,101.44
4107157,Diamante D'Oeste,1687,0.89149,62.2,35.0,102.89
4122701,Sabáudia,3170,0.94557,55.46,35.0,96.96
4104303,Campo Mourão,37342,0.95354,57.52,35.0,93.11
4119152,Pinhais,45881,0.97812,51.59,35.0,92.62
4122172,Rio Branco do Ivaí,1375,0.86292,50.18,35.0,103.31
4109757,Ibema,2350,0.88104,54.59,35.0,94.8
4118006,Paraíso do Norte,4900,0.93097,54.31,35.0,95.53
4104451,Cantagalo,3894,0.91183,55.82,35.0,101.12
4127601,Tijucas do Sul,6400,0.94621,52.91,35.0,105.9
4127700,Toledo,56389,0.96604,51.18,35.0,95.36
4107603,Faxinal,6106,0.90282,60.57,35.0,95.67
4100905,Amaporã,1735,0.90219,49.64,35.0,99.0
4125605,São Mateus do Sul,15513,0.9676,52.04,35.0,100.23
4101002,Ampére,7293,0.94622,55.35,35.0,97.88
4105706,Clevelândia,5309,0.92001,55.8,35.0,94.63
4122008,Rio Azul,4927,0.97036,55.19,35.0,103.14
4126603,Siqueira Campos,8615,0.94262,60.02,35.0,99.15
4106209,Contenda,6796,0.97029,51.69,35.0,98.53
4105607,Cidade Gaúcha,4244,0.91877,54.55,35.0,100.12
4117909,Palotina,12658,0.95792,55.75,35.0,96.05
4121505,Rebouças,5312,0.95709,60.66,35.0,101.42
4124400,Santo Antônio do Sudoeste,8391,0.9203,59.24,35.0,98.25
4114302,Mandirituba,9735,0.95767,53.31,35.0,101.71
4117453,Ouro Verde do Oeste,2469,0.94105,55.68,35.0,99.09
4108908,Guairaçá,2431,0.89486,57.45,35.0,98.16
4105409,Chopinzinho,7728,0.94193,60.29,35.0,96.45
4108809,Guaíra,11741,0.9289,53.5,35.0,95.33
4115408,Marmeleiro,5909,0.94509,64.29,35.0,97.31
4117255,Nova Prata do Iguaçu,4515,0.93024,56.16,35.0,98.98
4117800,Palmital,4748,0.89514,57.13,35.0,103.07
4112702,Jataizinho,4260,0.92778,64.05,35.0,94.97
4118451,Pato Bragado,2116,0.96954,67.81,35.0,93.88
4109005,Guapirama,1730,0.91751,53.22,35.0,96.93
4125704,São Miguel do Iguaçu,10685,0.93734,56.5,35.0,97.62
4119608,Pitanga,12309,0.93078,55.5,35.0,99.38
4102604,Barracão,3602,0.93723,56.77,35.0,99.04
4117701,Palmeira,12163,0.96917,53.07,35.0,98.87
4104204,Campo Largo,49352,0.96924,50.5,35.0,96.52
3301702,Duque de Caxias,298064,0.96229,53.44,35.0,90.61
3301009,Campos dos Goytacazes,175744,0.95065,59.03,35.0,91.06
3300100,Angra dos Reis,62126,0.95584,49.04,35.0,95.23
3303807,Paraty,16138,0.95294,44.59,35.0,97.65
3302502,Magé,82906,0.95524,54.07,35.0,93.73
3303500,Nova Iguaçu,287615,0.96353,55.8,35.0,90.58
3304110,Porto Real,7187,0.95879,44.81,35.0,93.77
3301850,Guapimirim,18498,0.95209,55.02,35.0,94.63
3300456,Belford Roxo,180893,0.96401,47.46,35.0,91.9
3305158,São José do Vale do Rio Preto,8263,0.93613,56.67,35.0,97.27
3304151,Quissamã,8099,0.92609,57.78,35.0,94.18
2409209,Passagem,1077,0.78905,65.36,35.0,100.19
2409902,Pendências,4206,0.82482,51.83,35.0,94.8
2402907,Coronel João Pessoa,1439,0.72693,65.07,35.0,101.47
2414753,Venha-Ver,1017,0.70813,57.31,35.0,100.4
2402709,Cerro Corá,3684,0.78666,61.35,35.0,95.45
2410702,Riacho da Cruz,932,0.744,60.41,35.0,98.9
2403400,Equador,1960,0.82096,63.36,35.0,95.55
2400802,Angicos,3949,0.80714,64.5,35.0,93.51
2402808,Coronel Ezequiel,1883,0.77069,69.08,35.0,101.3
2402402,Carnaúba dos Dantas,2800,0.88707,58.11,35.0,98.9
2406809,Lajes Pintadas,1708,0.78352,67.58,35.0,98.06
2408003,Mossoró,92467,0.89962,48.24,35.0,91.63
2403301,Encanto,2015,0.8119,58.21,35.0,97.25
2401305,Campo Grande,3233,0.76349,66.69,35.0,103.47
2411056,Tibau,1843,0.86686,51.35,35.0,103.32
2401651,Bodó,765,0.78917,64.54,35.0,101.75
2404408,Grossos,3385,0.82237,52.67,35.0,97.77
2404309,Governador Dix-Sept Rosado,4062,0.8062,59.03,35.0,101.18
2407252,Major Sales,1345,0.78403,64.74,35.0,98.18
2413706,Sítio Novo,1673,0.76051,58.43,35.0,101.91
2403756,Fernando Pedroza,1053,0.76677,55.78,35.0,106.61
2414704,Várzea,1810,0.76847,67.23,35.0,100.42
2405009,Jaçanã,2752,0.79823,67.11,35.0,98.48
2410504,Rafael Fernandes,1879,0.80765,71.27,35.0,102.61
2412708,São Pedro,1925,0.7928,65.12,35.0,97.74
2407302,Marcelino Vieira,2729,0.74457,75.76,35.0,96.76
2408904,Parelhas,7754,0.87628,59.66,35.0,93.32
2414902,Viçosa,636,0.80753,61.88,35.0,97.19
2402105,Campo Redondo,3467,0.82429,65.45,35.0,96.52
1100072,Corumbiara,2840,0.91516,45.2,35.0,108.63
1101005,Governador Jorge Teixeira,2890,0.89205,49.15,35.0,103.95
1101708,Urupá,3950,0.90239,58.06,35.0,102.89
1100148,Nova Brasilândia D'Oeste,5798,0.9136,52.23,35.0,104.5
1100262,Rio Crespo,1250,0.92172,41.87,35.0,113.86
1100155,Ouro Preto do Oeste,13323,0.92813,52.66,35.0,96.73
1101401,Monte Negro,4223,0.89146,48.89,35.0,107.96
4314050,Parobé,19888,0.9668,44.01,35.0,96.61
4306973,Erebango,1069,0.95127,71.57,35.0,98.05
4312807,Nova Araçá,1811,0.98411,82.38,35.0,103.12
4302303,Bom Jesus,4198,0.9364,67.4,35.0,98.83
4304663,Capão do Leão,10141,0.95098,55.57,35.0,95.74
4322400,Uruguaiana,41707,0.97132,56.74,35.0,92.9
4322509,Vacaria,23648,0.97011,61.36,35.0,96.05
4314100,Passo Fundo,81744,0.97546,63.97,35.0,90.44
4321402,Tenente Portela,5332,0.94241,70.54,35.0,94.04
4303103,Cachoeirinha,52484,0.98186,56.66,35.0,91.05
4312708,Nonoai,5131,0.91616,68.54,35.0,98.05
4313060,Nova Hartz,7571,0.96828,47.43,35.0,97.17
4304630,Capão da Canoa,23879,0.97739,56.02,35.0,91.96
4320909,Tapejara,9340,0.97714,60.11,35.0,93.45
4311403,Lajeado,37971,0.97765,58.72,35.0,93.09
4311429,Lajeado do Bugre,983,0.87988,60.04,35.0,104.0
4310603,Itaqui,12910,0.95378,57.12,35.0,96.64
4212007,Palma Sola,2783,0.923,54.69,35.0,104.55
4203956,Capivari de Baixo,8586,0.97458,54.1,35.0,92.88
4204558,Correia Pinto,5639,0.93963,51.86,35.0,99.35
4216602,São José,105580,0.98314,57.62,35.0,91.16
4203907,Capinzal,8948,0.96285,53.02,35.0,99.93
4202404,Blumenau,137282,0.98608,59.9,35.0,95.41
4204608,Criciúma,79776,0.98031,56.24,35.0,95.08
4206900,Ibirama,7261,0.9764,55.55,35.0,100.0
4216909,São Lourenço do Oeste,8991,0.95332,63.15,35.0,98.22
4203600,Campos Novos,13592,0.95949,52.64,35.0,99.0
4202453,Bombinhas,9064,0.98118,48.2,35.0,97.11
4205001,Dionísio Cerqueira,5630,0.93198,56.06,35.0,97.99
4207007,Içara,21095,0.97391,46.32,35.0,98.22
4214805,Rio do Sul,27416,0.98025,57.99,35.0,95.4
4207908,Irineópolis,3603,0.94459,50.0,35.0,104.03
4219705,Xaxim,11649,0.96299,54.25,35.0,99.24
4200309,Agronômica,2229,0.97485,57.85,35.0,101.63
4205100,Dona Emma,1455,0.96794,55.4,35.0,106.61
4207809,Irani,3654,0.94878,58.4,35.0,104.1
4210704,Matos Costa,964,0.9223,53.58,35.0,108.53
4216503,São Joaquim,9578,0.95426,53.74,35.0,102.6
4219358,Vitor Meireles,1922,0.96003,57.21,35.0,109.6
4201406,Araranguá,26770,0.97253,55.98,35.0,95.99
4209300,Lages,59935,0.96411,59.13,35.0,93.74
4215000,Rio Negrinho,13742,0.96663,49.11,35.0,98.61
4202107,Barra Velha,16156,0.97557,52.58,35.0,97.34
4219408,Witmarsum,1527,0.96238,55.93,35.0,104.47
4213500,Porto Belo,9875,0.97689,46.89,35.0,98.89
4201901,Aurora,2431,0.97025,59.78,35.0,105.21
4202537,Bom Jesus,974,0.9356,54.72,35.0,105.4
4210506,Maravilha,10619,0.97138,59.25,35.0,98.74
4201257,Apiúna,3535,0.95034,55.47,35.0,100.22
4215802,São Bento do Sul,30055,0.98277,49.08,35.0,97.52
4203808,Canoinhas,19730,0.9701,53.74,35.0,97.48
4200200,Agrolândia,3914,0.97113,52.53,35.0,99.78
2805505,Poço Verde,8211,0.78078,62.21,35.0,94.28
2800670,Boquim,8867,0.80468,54.9,35.0,93.54
2801603,Cedro de São João,1933,0.84348,58.21,35.0,95.18
2800308,Aracaju,218513,0.94779,55.15,35.0,84.81
2804458,Nossa Senhora Aparecida,3376,0.74508,60.72,35.0,99.57
2802601,Gracho Cardoso,2115,0.76861,57.0,35.0,101.38
3509007,Caieiras,32684,0.97252,49.34,35.0,93.92
3504701,Balbinos,542,0.97067,105.44,35.0,443.64
3504602,Bady Bassitt,9958,0.97563,48.3,35.0,96.24
3511409,Cerqueira César,7399,0.95419,60.89,35.0,108.52
3551702,Sertãozinho,45875,0.96136,54.28,35.0,94.33
3503109,Arandu,2383,0.93675,61.26,35.0,100.9
3518602,Guariba,12902,0.94048,49.83,35.0,93.04
3529401,Mauá,152619,0.96739,51.26,35.0,92.82
3532009,Morungaba,4779,0.96364,60.33,35.0,95.58
3535101,Palmares Paulista,3433,0.93125,45.72,35.0,100.58
3554201,Tejupá,1434,0.90603,66.43,35.0,104.1
3502705,Apiaí,8822,0.94006,55.99,35.0,99.99
3521200,Iporanga,1459,0.93306,52.45,35.0,102.1
3554003,Tatuí,44201,0.97121,58.73,35.0,95.3
3554300,Teodoro Sampaio,8104,0.93799,52.2,35.0,97.04
3507100,Bom Jesus dos Perdões,7725,0.95631,54.18,35.0,97.86
3536307,Patrocínio Paulista,5023,0.95843,56.39,35.0,101.7
3551405,Serra Azul,3092,0.94162,62.0,35.0,178.54
3509700,Campos do Jordão,16144,0.96462,53.61,35.0,95.33
3518503,Guareí,4516,0.95068,69.61,35.0,150.55
3521101,Ipeúna,2392,0.9556,60.62,35.0,100.38
3512407,Cordeirópolis,8530,0.97082,54.2,35.0,97.33
3501707,Américo Brasiliense,11411,0.94497,48.18,35.0,97.61
3501152,Alumínio,5944,0.96204,51.54,35.0,98.77
3536406,Paulicéia,2930,0.94786,53.98,35.0,101.34
3526209,Juquitiba,10005,0.92182,55.88,35.0,101.17
3515103,Embu-Guaçu,23396,0.95435,49.74,35.0,96.77
3554755,Trabiju,598,0.91166,55.52,35.0,103.63
3555406,Ubatuba,34010,0.9638,51.48,35.0,97.55
3512704,Corumbataí,1458,0.94861,59.33,35.0,99.95
3514908,Elias Fausto,5967,0.94667,51.78,35.0,100.69
3539806,Poá,35377,0.97354,54.18,35.0,92.15
3514601,Dumont,3296,0.96079,57.33,35.0,98.93
3546504,Santa Ernestina,2204,0.95121,53.74,35.0,100.79
3520400,Ilhabela,12710,0.96719,45.52,35.0,97.83
3511607,Cesário Lange,6140,0.95537,58.74,35.0,105.28
3552403,Sumaré,98547,0.96499,46.26,35.0,95.56
3548005,Santo Antônio de Posse,7986,0.96256,55.69,35.0,99.73
3547007,Santa Maria da Serra,1854,0.93378,54.14,35.0,101.5
3523701,Itirapuã,2005,0.93815,68.83,35.0,102.77
3531902,Morro Agudo,10018,0.94849,53.76,35.0,96.08
3506706,Boa Esperança do Sul,4655,0.92601,55.24,35.0,96.96
3513801,Diadema,144824,0.96775,50.25,35.0,91.25
3535408,Panorama,5489,0.93331,59.57,35.0,97.57
3503901,Arujá,29348,0.96453,49.09,35.0,94.28
3524501,Jaci,2637,0.93425,48.48,35.0,102.15
3525201,Jarinu,12965,0.96082,48.68,35.0,100.67
3522307,Itapetininga,54547,0.96875,58.49,35.0,99.63
3503802,Artur Nogueira,18150,0.95411,52.85,35.0,97.02
3523305,Itariri,5654,0.93929,56.15,35.0,98.57
3525607,João Ramalho,1543,0.90978,53.68,35.0,98.68
3532702,Nipoã,1761,0.9291,52.99,35.0,105.09
3511904,Clementina,2566,0.93797,58.31,35.0,98.58
3534005,Onda Verde,1703,0.94288,55.5,35.0,101.22
3544004,Rio das Pedras,10674,0.96602,49.13,35.0,99.36
3551900,Severínia,5058,0.92421,56.25,35.0,105.09
3517208,Guaiçara,3997,0.95563,55.37,35.0,97.8
3525102,Jardinópolis,14872,0.96111,55.68,35.0,107.33
3552809,Taboão da Serra,99423,0.97229,46.96,35.0,90.2
3506607,Biritiba-Mirim,10436,0.94086,61.55,35.0,99.11
3553500,Tapiraí,2812,0.92669,58.57,35.0,100.9
3510203,Capão Bonito,16045,0.94205,58.08,35.0,98.16
3536109,Pardinho,2504,0.94752,58.25,35.0,103.09
3517505,Guapiaçu,7735,0.95264,61.48,35.0,98.24
3541802,Queiroz,1225,0.92976,44.62,35.0,99.82
3542701,Restinga,2183,0.9533,48.38,35.0,98.45
3501400,Álvaro de Carvalho,1168,0.9329,74.35,35.0,204.5
3522406,Itapeva,31773,0.95585,53.0,35.0,96.38
3541901,Queluz,3249,0.95384,60.03,35.0,98.33
3544301,Roseira,3637,0.96748,52.24,35.0,100.15
3553955,Tarumã,5231,0.94334,45.86,35.0,98.88
3518701,Guarujá,99388,0.96153,50.2,35.0,92.39
3530607,Mogi das Cruzes,158693,0.97066,54.21,35.0,92.69
3534401,Osasco,261473,0.97191,54.87,35.0,90.67
3557006,Votorantim,44335,0.9765,51.85,35.0,95.06
3534203,Orindiúva,2117,0.93965,49.71,35.0,100.2
3553906,Tarabai,2321,0.93569,57.94,35.0,96.45
3547304,Santana de Parnaíba,52312,0.97013,42.72,35.0,94.05
3521309,Ipuã,5339,0.94768,55.55,35.0,99.09
1707108,Divinópolis do Tocantins,2533,0.89688,52.57,35.0,104.9
1708304,Goianorte,1691,0.86412,52.16,35.0,108.36
1707702,Filadélfia,2556,0.8723,56.82,35.0,108.26
1711100,Itaporã do Tocantins,822,0.88729,49.14,35.0,105.82
1715002,Nova Rosalândia,1167,0.89832,58.51,35.0,103.88
1714302,Nazaré,1531,0.84583,57.76,35.0,100.13
1713601,Monte do Carmo,1929,0.85573,51.87,35.0,107.21
1703701,Brejinho de Nazaré,1709,0.85952,58.94,35.0,103.75
1718899,Santa Rita do Tocantins,780,0.88985,46.85,35.0,109.34
1720853,Sucupira,591,0.87571,58.67,35.0,109.15
1716703,Colméia,3209,0.88214,58.26,35.0,104.88
1701309,Aragominas,1834,0.82747,51.84,35.0,112.11
1716653,Pequizeiro,1706,0.85284,45.6,35.0,108.25
1707553,Fátima,1194,0.90118,51.37,35.0,102.16
1718840,Sandolândia,1311,0.88692,50.12,35.0,112.38
2909109,Coribe,4986,0.79183,73.11,37.0,104.8
2910206,Dom Macedo Costa,1639,0.84769,66.96,37.0,93.88
2933257,Vereda,2253,0.79415,69.17,37.0,108.22
2900603,Aiquara,1506,0.7955,67.06,37.0,99.42
2928604,Santo Amaro,20671,0.89678,62.71,37.0,89.0
2909505,Cravolândia,1619,0.80839,67.74,37.0,98.34
2916906,Itiruçu,3973,0.79469,73.72,37.0,93.44
2929107,São Felipe,7340,0.83508,67.11,37.0,95.33
2920106,Mairi,6377,0.80282,79.6,37.0,98.5
2907558,Caturama,3015,0.7589,83.66,37.0,103.48
2914109,Ipupiara,3551,0.874,77.16,37.0,99.22
2904803,Caatiba,2175,0.77751,70.6,37.0,105.6
2904506,Brotas de Macaúbas,4252,0.88238,80.03,37.0,105.29
2903300,Barro Preto,2242,0.80466,69.77,37.0,100.03
2923605,Paramirim,6762,0.82598,82.38,37.0,98.88
2914802,Itabuna,71961,0.91795,66.49,37.0,87.03
2912103,Ibicaraí,8317,0.82812,78.63,37.0,93.04
2907509,Catu,18304,0.91202,55.89,37.0,87.67
2903003,Barra do Mendes,5044,0.88823,78.55,37.0,101.9
2932408,Uibaí,4874,0.88106,68.54,37.0,102.23
2912301,Ibicuí,5314,0.80894,73.73,37.0,98.94
2915502,Itajuípe,6999,0.8114,68.13,37.0,95.17
2902005,Aracatu,4607,0.77468,76.77,37.0,104.43
2924900,Planaltino,2922,0.7381,74.27,37.0,105.8
2929008,São Félix,3930,0.87216,58.85,37.0,91.39
2904704,Buerarema,5719,0.82617,72.88,37.0,95.12
2930303,Serra Dourada,5898,0.8058,66.12,37.0,105.17
2929800,Saúde,3957,0.81507,72.02,37.0,95.41
2920304,Malhada de Pedras,2989,0.80362,77.16,37.0,104.05
2926301,Riachão do Jacuípe,12502,0.85105,73.69,37.0,94.04
2913002,Ibitiara,5086,0.81047,90.53,37.0,99.33
2916104,Itaparica,7389,0.92536,61.62,37.0,89.35
2931400,Teodoro Sampaio,2608,0.84623,76.43,37.0,93.42
2911006,Floresta Azul,3862,0.78056,76.96,37.0,103.59
2924504,Pindaí,5018,0.80681,74.72,37.0,102.91
2907806,Cícero Dantas,11672,0.75986,78.7,37.0,97.25
2925600,Presidente Dutra,5401,0.86325,63.6,37.0,100.56
2910776,Feira da Mata,1976,0.79592,66.7,37.0,105.06
2917102,Itororó,6210,0.79133,72.12,37.0,96.42
2932002,Uauá,8736,0.80053,69.88,37.0,101.87
2301802,Baixio,2011,0.78774,74.29,37.0,102.27
2306207,Itaiçaba,2816,0.81609,70.89,37.0,93.63
2313005,Solonópole,6590,0.78324,77.75,37.0,101.01
2303303,Cariús,6290,0.74636,81.36,37.0,102.01
2313708,Umari,2406,0.76243,78.97,37.0,102.03
2303808,Cedro,8075,0.7787,83.25,37.0,97.05
2300309,Acopiara,16398,0.72726,74.77,37.0,97.93
2302008,Barro,6946,0.79297,79.98,37.0,96.46
3202405,Guarapari,46731,0.95798,60.9,37.0,94.86
3202207,Fundão,6715,0.93371,67.68,37.0,97.67
3201506,Colatina,45911,0.94763,69.37,37.0,93.88
3202504,Ibiraçu,4249,0.93599,65.84,37.0,98.16
3201209,Cachoeiro de Itapemirim,70983,0.95744,65.57,37.0,93.65
3201100,Bom Jesus do Norte,4013,0.94109,75.71,37.0,89.29
3205150,Vila Pavão,3341,0.90883,59.62,37.0,101.83
3202256,Governador Lindenberg,3983,0.91151,65.28,37.0,105.89
3200805,Baixo Guandu,11404,0.91392,66.93,37.0,95.43
3205200,Vila Velha,177116,0.97438,68.09,37.0,93.16
3200136,Águia Branca,3649,0.91469,64.37,37.0,103.12
5220108,São Luís de Montes Belos,13084,0.94261,73.51,37.0,92.94
5203609,Brazabrantes,1548,0.92171,66.62,37.0,98.8
5212303,Leopoldo de Bulhões,3250,0.92225,59.71,37.0,102.95
5204300,Caçu,5354,0.92098,72.27,37.0,99.1
5210109,Ipameri,9709,0.93179,67.31,37.0,99.22
5214879,Nova Iguaçu de Goiás,1110,0.91154,54.56,37.0,105.18
5210000,Inhumas,19577,0.92708,64.44,37.0,93.95
5213087,Minaçu,9900,0.8986,59.97,37.0,100.36
5214408,Nazário,3119,0.90891,62.6,37.0,99.0
5218102,Portelândia,1246,0.89028,71.9,37.0,103.47
5209150,Gouvelândia,1678,0.87011,60.33,37.0,103.52
5219308,Santa Helena de Goiás,14249,0.9136,62.07,37.0,96.55
5220207,São Miguel do Araguaia,8213,0.8933,66.29,37.0,102.03
5217302,Pirenópolis,9776,0.92988,64.23,37.0,101.18
5218904,Rubiataba,7660,0.92621,71.39,37.0,98.04
5219902,São Francisco de Goiás,2361,0.88999,67.55,37.0,102.99
5207501,Estrela do Norte,1269,0.88371,70.72,37.0,97.23
5220405,São Simão,6700,0.91719,64.03,37.0,95.95
5204607,Campestre de Goiás,1397,0.90163,58.41,37.0,105.64
5211305,Itarumã,2336,0.89605,58.07,37.0,105.84
5215504,Ouvidor,2607,0.95775,62.45,37.0,102.42
5210562,Itaguari,1952,0.91077,74.85,37.0,101.67
3101409,Albertina,1035,0.90795,68.33,37.0,103.17
3139904,Maria da Fé,4782,0.94151,68.66,37.0,102.03
3161809,São Gonçalo do Pará,4319,0.95123,72.02,37.0,100.85
3171600,Virgem da Lapa,4327,0.85193,84.89,37.0,97.62
3125408,Felício dos Santos,1904,0.87461,78.93,37.0,98.49
3134905,Jacutinga,9082,0.95528,67.28,37.0,97.75
3156601,Rubim,3395,0.83123,82.22,37.0,100.27
3160108,Santo Antônio do Grama,1498,0.90946,75.65,37.0,98.82
3101904,Alpinópolis,6594,0.94429,74.02,37.0,100.9
3112505,Capim Branco,3598,0.9504,72.44,37.0,95.76
3117876,Confins,2498,0.96087,63.57,37.0,97.47
3150802,Piranga,5892,0.89114,82.8,37.0,102.64
3159902,Santo Antônio do Amparo,5993,0.90479,73.62,37.0,98.75
3162658,São João do Pacuí,1438,0.82908,71.54,37.0,106.12
3119500,Coronel Murta,2882,0.84597,78.85,37.0,102.32
3164704,São Sebastião do Paraíso,26679,0.95329,73.1,37.0,95.76
3106002,Bela Vista de Minas,3595,0.95259,65.61,37.0,92.23
3131307,Ipatinga,85709,0.96398,70.96,37.0,90.93
3171808,Virginópolis,3742,0.91419,78.4,37.0,95.97
3119401,Coronel Fabriciano,38423,0.95668,67.11,37.0,91.1
3136207,João Monlevade,29255,0.9714,75.95,37.0,91.28
3169109,Toledo,2599,0.90977,73.88,37.0,106.53
3126752,Franciscópolis,1811,0.789,78.35,37.0,103.72
3131802,Itabirinha,3915,0.87707,74.07,37.0,95.07
3147204,Paraguaçu,7705,0.9472,80.75,37.0,99.6
3112802,Capitólio,3885,0.97129,75.24,37.0,100.97
3127339,Gameleiras,1747,0.79937,62.15,37.0,101.81
3119203,Coroaci,3298,0.90502,92.67,37.0,104.32
3162252,São João da Lagoa,1848,0.88687,62.71,37.0,107.93
3152204,Porteirinha,13668,0.83539,69.45,37.0,97.47
3107703,Bom Jesus do Amparo,1974,0.94622,76.82,37.0,98.34
3116902,Comendador Gomes,1084,0.90125,63.18,37.0,105.41
3122470,Dom Bosco,1406,0.91492,63.4,37.0,110.06
3128303,Guaranésia,6867,0.92799,76.41,37.0,101.54
3171006,Vazante,7548,0.95492,59.46,37.0,99.99
3151008,Piranguinho,3217,0.95582,66.94,37.0,103.89
3112604,Capinópolis,5574,0.90793,72.48,37.0,97.51
3144805,Nova Lima,39805,0.97953,59.16,37.0,94.35
3159704,Santa Rosa da Serra,1206,0.88938,70.92,37.0,107.74
3165404,Sapucaí-Mirim,2323,0.92945,67.09,37.0,105.97
3132404,Itajubá,33627,0.97294,73.08,37.0,95.86
3143500,Morada Nova de Minas,3432,0.94041,69.47,37.0,105.23
3103009,Antônio Dias,3210,0.90277,64.5,37.0,103.47
3139805,Mar de Espanha,4768,0.94174,78.76,37.0,91.78
3170057,Ubaporanga,4666,0.89913,67.22,37.0,101.16
3150539,Pingo-d'Água,1635,0.87313,62.89,37.0,95.59
3169356,Três Marias,10782,0.94179,61.55,37.0,95.39
3103504,Araguari,44069,0.96335,73.22,37.0,95.84
3133006,Itamonte,5289,0.96867,73.19,37.0,98.71
3137601,Lagoa Santa,27431,0.97569,58.86,37.0,92.95
3165206,São Thomé das Letras,2790,0.91871,57.78,37.0,106.77
3127701,Governador Valadares,97764,0.94946,71.32,37.0,89.91
3148509,Pavão,2730,0.8098,79.35,37.0,99.68
3107406,Bom Despacho,19174,0.95775,68.67,37.0,95.71
3118205,Conquista,2573,0.92701,76.19,37.0,102.36
3165107,São Tomás de Aquino,2444,0.92502,81.2,37.0,100.65
3113206,Carandaí,8201,0.95471,72.64,37.0,97.28
3127602,Gouveia,4003,0.93424,77.88,37.0,96.17
3143401,Monte Sião,9215,0.95346,69.6,37.0,97.78
3111606,Campos Gerais,9474,0.91425,68.65,37.0,101.72
3165503,Sardoá,1861,0.85676,71.26,37.0,99.3
3119104,Corinto,8668,0.91848,74.45,37.0,96.33
3122900,Dona Eusébia,2164,0.93412,71.1,37.0,101.16
3159001,Santana do Riacho,1956,0.9219,72.16,37.0,101.1
3162948,São José da Barra,2759,0.94605,59.11,37.0,102.05
3163300,São José do Divino,1296,0.84144,71.55,37.0,93.95
3101607,Alfenas,29127,0.95777,73.33,37.0,94.63
3105301,Bandeira do Sul,2232,0.92187,75.62,37.0,98.1
3109451,Cabeceira Grande,2602,0.90298,58.68,37.0,103.22
3151503,Piumhi,13801,0.95891,78.86,37.0,97.16
3117801,Conceição dos Ouros,3966,0.94364,68.13,37.0,104.13
3128253,Guaraciama,1857,0.87772,71.07,37.0,103.18
3130408,Ijaci,2366,0.94421,68.82,37.0,101.99
3143906,Muriaé,39416,0.9514,75.97,37.0,91.96
3157005,Salinas,14892,0.87579,78.4,37.0,95.9
3111150,Campo Azul,1276,0.84021,80.82,37.0,100.22
3149309,Pedro Leopoldo,22633,0.96371,71.41,37.0,91.66
3161502,São Geraldo,3943,0.92107,75.34,37.0,98.0
3144003,Mutum,10226,0.87746,68.58,37.0,102.25
3166956,Serranópolis de Minas,1526,0.82291,73.26,37.0,99.41
3143104,Monte Carmelo,18237,0.93741,62.3,37.0,99.72
3145372,Novorizonte,1618,0.85866,79.98,37.0,100.04
3146107,Ouro Preto,26578,0.96345,72.14,37.0,95.21
3114501,Carmópolis de Minas,6347,0.94894,70.48,37.0,102.42
3123809,Engenheiro Navarro,2295,0.85782,65.5,37.0,99.18
3133808,Itaúna,36796,0.97322,71.58,37.0,96.94
3107604,Bom Jesus da Penha,1644,0.92274,75.96,37.0,101.35
3109204,Buenópolis,3425,0.88133,81.04,37.0,98.22
3113503,Carbonita,3419,0.8652,65.41,37.0,101.28
3172004,Visconde do Rio Branco,14770,0.94033,65.35,37.0,94.76
3131703,Itabira,39739,0.95376,66.18,37.0,90.59
3148400,Paulistas,1522,0.86906,84.1,37.0,94.98
3156809,Sabinópolis,5199,0.87684,80.18,37.0,96.79
5008008,Terenos,6448,0.92731,58.95,37.0,106.38
5006408,Pedro Gomes,2701,0.89446,63.38,37.0,100.96
5000807,Anaurilândia,2913,0.91487,57.61,37.0,101.18
5006309,Paranaíba,15806,0.92498,67.42,37.0,98.02
5002902,Cassilândia,8259,0.92601,74.95,37.0,98.86
5101605,Barão de Melgaço,2438,0.85459,62.94,37.0,114.08
5105002,Jauru,3091,0.87079,62.89,37.0,97.75
5103437,Curvelândia,1795,0.89217,62.24,37.0,99.47
5104500,Indiavaí,837,0.89294,61.05,37.0,94.46
2515500,Serra Branca,5054,0.84608,82.83,37.0,96.0
2510501,Olivedos,1286,0.80726,74.66,37.0,102.03
2513802,Santa Teresinha,1486,0.77947,75.45,37.0,97.93
2500205,Aguiar,1836,0.69498,76.94,37.0,99.72
2504504,Condado,2275,0.77827,73.94,37.0,95.6
2510303,Nova Palmeira,1544,0.80206,75.78,37.0,99.3
2508109,Lagoa,1488,0.73444,75.27,37.0,96.48
2514008,São João do Cariri,1526,0.82832,76.44,37.0,95.65
2507408,Jericó,2518,0.78896,78.4,37.0,95.73
2510006,Nazarezinho,2524,0.7425,74.89,37.0,103.53
2514404,São José de Espinharas,1344,0.79049,78.32,37.0,106.53
2500908,Arara,4333,0.72461,84.44,37.0,91.92
2506608,Ibiara,2017,0.7006,71.29,37.0,98.2
2513604,Santana dos Garrotes,2301,0.7023,79.68,37.0,94.46
2609600,Olinda,127261,0.93957,66.2,37.0,84.89
2611606,Recife,547461,0.94524,69.04,37.0,84.87
2607703,Itapetim,5489,0.81945,74.36,37.0,95.89
2605806,Frei Miguelinho,5143,0.75773,80.38,37.0,94.8
2612109,Salgadinho,2051,0.69636,77.04,37.0,95.19
2211308,Valença do Piauí,7961,0.81959,71.42,37.0,91.33
2200103,Agricolândia,1722,0.78958,75.81,37.0,93.27
2206753,Nossa Senhora de Nazaré,1712,0.77854,75.49,37.0,102.95
2201176,Barra D'Alcântara,1463,0.7809,70.16,37.0,91.61
2210904,Socorro do Piauí,1451,0.78554,74.6,37.0,102.39
2211704,Wall Ferraz,1389,0.71132,74.45,37.0,100.05
2209104,Santa Cruz do Piauí,1972,0.76113,76.96,37.0,97.73
2203602,Eliseu Martins,1534,0.80556,78.73,37.0,103.77
2200251,Alagoinha do Piauí,2575,0.66388,72.23,37.0,101.09
2202109,Campinas do Piauí,1771,0.77402,65.67,37.0,105.49
2210979,Tanque do Piauí,870,0.81068,75.53,37.0,95.28
2210102,São José do Peixe,1159,0.79693,70.06,37.0,99.46
2204709,Inhuma,5222,0.76734,69.11,37.0,99.47
2200608,Angical do Piauí,2454,0.81851,78.61,37.0,97.2
2200301,Alto Longá,4665,0.71745,72.72,37.0,102.05
2211407,Várzea Grande,1635,0.78272,73.73,37.0,94.67
2206704,Nazaré do Piauí,2330,0.76209,70.28,37.0,101.24
2207207,Padre Marcos,2351,0.65992,62.73,37.0,94.22
2209377,Santa Rosa do Piauí,1692,0.76171,73.04,37.0,96.37
2205102,Itaueira,3681,0.78782,71.76,37.0,101.15
2207850,Pavussu,1296,0.71073,70.71,37.0,113.41
2209153,Santa Cruz dos Milagres,1181,0.76774,65.76,37.0,95.5
2203404,Dom Expedito Lopes,2235,0.81029,74.7,37.0,97.62
2206050,Massapê do Piauí,1742,0.657,79.25,37.0,102.25
2210656,Sigefredo Pacheco,3261,0.72806,75.5,37.0,108.0
4109658,Honório Serpa,1775,0.91897,59.85,37.0,103.5
4124806,São João,4545,0.95149,74.85,37.0,96.95
4103370,Brasilândia do Sul,1424,0.89138,65.92,37.0,93.83
4117214,Nova Santa Bárbara,1600,0.84306,73.61,37.0,97.54
4106803,Cruz Machado,5682,0.95933,64.98,37.0,107.8
4121000,Querência do Norte,3928,0.88338,55.57,37.0,99.72
4122503,Roncador,4327,0.88073,66.79,37.0,96.39
4128658,Virmond,1404,0.93154,65.04,37.0,101.11
4110904,Itaguajé,1678,0.95532,63.88,37.0,98.54
4126009,São Sebastião da Amoreira,2985,0.88214,71.96,37.0,93.87
4126108,São Tomé,1950,0.93878,67.92,37.0,99.47
4119707,Planaltina do Paraná,1470,0.91098,66.84,37.0,101.29
4128005,Ubiratã,9227,0.93499,66.7,37.0,94.02
4117222,Nova Santa Rosa,3104,0.97135,69.32,37.0,98.14
4104402,Cândido de Abreu,5588,0.87891,64.82,37.0,105.44
4112603,Jardim Olinda,496,0.90566,48.06,37.0,101.35
4114906,Marilândia do Sul,3138,0.91802,66.88,37.0,100.86
4103057,Boa Vista da Aparecida,2898,0.89771,67.46,37.0,99.4
4115507,Marumbi,1803,0.924,76.09,37.0,96.86
4123303,Santa Cruz de Monte Castelo,3225,0.9147,70.79,37.0,98.14
4120309,Porto Vitória,1238,0.96907,65.13,37.0,103.31
4115457,Marquinho,1591,0.91432,60.56,37.0,106.32
4106605,Cruzeiro do Oeste,8710,0.91894,69.65,37.0,107.7
4119251,Pinhal de São Bento,956,0.90512,69.57,37.0,105.28
4112959,Juranda,2930,0.92304,63.28,37.0,97.03
4118105,Paranacity,3494,0.92784,58.9,37.0,99.69
4115358,Maripá,2322,0.97018,64.73,37.0,99.85
4128625,Alto Paraíso,1135,0.88608,59.75,37.0,102.45
4104600,Capitão Leônidas Marques,5488,0.92204,69.32,37.0,98.08
4109609,Guaratuba,15359,0.96486,62.34,37.0,97.27
4126207,Sapopema,2401,0.87775,70.17,37.0,103.81
4127205,Terra Boa,6514,0.92977,66.99,37.0,96.47
4108007,Florestópolis,4264,0.91259,60.34,37.0,96.43
4114203,Mandaguari,13683,0.94683,72.8,37.0,93.21
4120408,Presidente Castelo Branco,1554,0.94764,61.64,37.0,98.81
4118857,Perobal,2639,0.93332,63.86,37.0,97.83
4122800,Salgado Filho,1550,0.91621,69.48,37.0,98.3
4115200,Maringá,156517,0.98018,78.41,37.0,91.24
4115853,Mercedes,2149,0.96094,67.63,37.0,97.37
4121901,Ribeirão do Pinhal,4901,0.88819,70.48,37.0,94.87
4121208,Quitandinha,6767,0.94728,63.32,37.0,105.82
4116703,Nova Aurora,4897,0.94438,68.42,37.0,97.09
4101705,Araruna,5462,0.93428,68.15,37.0,99.27
4106902,Curitiba,685874,0.98472,77.84,37.0,89.36
4116802,Nova Cantu,2542,0.87257,68.93,37.0,100.53
4104055,Campo Bonito,1463,0.88373,65.85,37.0,100.65
4100707,Alto Piquiri,3683,0.88223,68.3,37.0,99.77
4103909,Campina da Lagoa,6022,0.91894,68.58,37.0,98.6
4109807,Ibiporã,18786,0.94894,67.99,37.0,92.74
4119657,Pitangueiras,1099,0.92195,66.38,37.0,100.0
3300506,Bom Jardim,10878,0.92003,72.12,37.0,97.41
3303955,Pinheiral,8814,0.96341,64.6,37.0,92.87
3304102,Porciúncula,6421,0.91467,72.11,37.0,97.92
3306008,Três Rios,28427,0.96525,69.84,37.0,89.77
3300704,Cabo Frio,82015,0.96658,64.18,37.0,92.05
3302452,Macuco,1940,0.94276,70.39,37.0,94.02
3304201,Resende,48207,0.96764,64.67,37.0,92.61
3304003,Piraí,10089,0.94328,69.2,37.0,93.06
3303005,Miracema,9601,0.92695,75.48,37.0,92.92
3300803,Cachoeiras de Macacu,22265,0.93849,68.95,37.0,95.71
3300951,Comendador Levy Gasparian,3015,0.95384,67.52,37.0,92.32
3302254,Itatiaia,11374,0.95806,60.63,37.0,93.83
3301900,Itaboraí,86584,0.94849,58.34,37.0,92.37
3304128,Quatis,5035,0.94865,64.58,37.0,91.97
3301405,Conceição de Macabu,7901,0.92449,65.02,37.0,96.87
2411007,Rodolfo Fernandes,1518,0.77615,70.87,37.0,97.12
2414506,Umarizal,3696,0.8212,84.27,37.0,93.96
2404903,Itaú,1900,0.80309,66.23,37.0,94.23
2404002,Frutuoso Gomes,1529,0.79772,73.63,37.0,96.85
2400505,Alexandria,4841,0.7758,78.22,37.0,95.5
2403103,Currais Novos,14620,0.8643,73.96,37.0,91.35
2400604,Almino Afonso,1662,0.7846,73.58,37.0,99.11
2402006,Caicó,22067,0.88923,71.3,37.0,90.77
2410207,Portalegre,2689,0.81026,74.61,37.0,94.25
2410801,Riacho de Santana,1439,0.79669,83.29,37.0,103.4
2413003,São Vicente,2220,0.82875,69.83,37.0,98.99
1100254,Presidente Médici,7230,0.92382,61.91,37.0,99.8
1100502,Novo Horizonte do Oeste,2798,0.90032,59.79,37.0,104.78
1101476,Primavera de Rondônia,1133,0.87464,55.39,37.0,105.61
1101203,Ministro Andreazza,2383,0.88986,64.78,37.0,103.14
4307005,Erechim,42113,0.97805,76.19,37.0,92.07
4315909,Rodeio Bonito,2582,0.94613,74.92,37.0,98.75
4311304,Lagoa Vermelha,10773,0.96085,77.81,37.0,96.41
4316907,Santa Maria,106304,0.97895,82.16,37.0,90.23
4306924,Engenho Velho,441,0.92453,73.7,37.0,98.17
4317509,Santo Ângelo,29689,0.9707,77.57,37.0,92.08
4309308,Guaíba,35163,0.97676,69.41,37.0,91.61
4309571,Herveiras,967,0.92093,71.08,37.0,107.36
4321451,Teutônia,12776,0.9863,69.83,37.0,95.46
4314498,Pinheirinho do Vale,1696,0.91607,74.49,37.0,102.41
4319356,São Pedro da Serra,1309,0.97318,70.76,37.0,102.4
4304689,Capela de Santana,4236,0.95563,60.76,37.0,102.16
4318903,São Luiz Gonzaga,13557,0.95698,79.94,37.0,94.06
4316006,Rolante,8233,0.95947,73.47,37.0,98.5
4321600,Tramandaí,21085,0.97565,73.45,37.0,91.88
4304705,Carazinho,24216,0.97123,74.78,37.0,91.26
4305108,Caxias do Sul,184843,0.98356,71.12,37.0,93.77
4301602,Bagé,45299,0.96538,74.49,37.0,89.99
4307609,Estância Velha,17904,0.98379,55.67,37.0,95.78
4317103,Sant'Ana do Livramento,31765,0.97117,75.61,37.0,92.29
4306106,Cruz Alta,22772,0.96526,73.82,37.0,90.08
4307906,Farroupilha,27002,0.98092,70.86,37.0,94.28
4302709,Butiá,7353,0.94663,73.45,37.0,94.22
4312658,Não-Me-Toque,6974,0.97375,72.86,37.0,94.23
4312252,Minas do Leão,2811,0.9433,67.18,37.0,96.21
4302352,Bom Princípio,4996,0.9872,70.3,37.0,100.34
4321469,Tio Hugo,1241,0.9642,70.83,37.0,98.6
4302105,Bento Gonçalves,48813,0.98388,74.55,37.0,94.07
4313508,Osório,17768,0.97214,74.79,37.0,94.95
4313409,Novo Hamburgo,89848,0.97749,73.35,37.0,91.59
4314456,Pinhal,1089,0.92385,74.34,37.0,102.67
4321709,Três Coroas,9275,0.96841,61.43,37.0,96.8
4300034,Aceguá,1577,0.96405,67.16,37.0,105.42
4315602,Rio Grande,74570,0.96735,75.94,37.0,91.47
4321857,Três Palmeiras,1738,0.93718,72.55,37.0,99.92
4303905,Campo Bom,24057,0.98184,61.48,37.0,93.66
4313706,Palmeira das Missões,12781,0.93697,70.87,37.0,93.79
4320107,Sarandi,8620,0.96983,70.36,37.0,94.18
4300059,Água Santa,1382,0.96075,77.26,37.0,97.28
4305173,Cerro Grande do Sul,3580,0.92977,64.1,37.0,107.13
4301107,Arroio dos Ratos,5513,0.9558,78.04,37.0,103.75
4317202,Santa Rosa,30005,0.97612,69.69,37.0,94.81
4200408,Água Doce,2430,0.9588,74.45,37.0,104.65
4204251,Cocal do Sul,6230,0.98127,65.77,37.0,96.11
4214607,Rio do Oeste,2736,0.97361,80.01,37.0,99.87
4211603,Nova Veneza,4870,0.97395,71.45,37.0,97.94
4211504,Nova Trento,5035,0.96832,72.45,37.0,99.55
4204350,Cordilheira Alta,1664,0.96131,66.13,37.0,104.23
4209177,Jupiá,947,0.92857,78.02,37.0,106.38
4212304,Paulo Lopes,3293,0.93747,63.85,37.0,99.32
4205704,Garopaba,11257,0.95994,60.66,37.0,95.12
4218608,Trombudo Central,2724,0.96697,66.79,37.0,98.8
4214151,Princesa,1093,0.94973,73.18,37.0,108.73
4202008,Balneário Camboriú,57862,0.98814,87.72,37.0,89.51
4207700,Ipumirim,2812,0.95652,73.96,37.0,104.77
4208450,Itapoá,11491,0.97617,64.98,37.0,99.3
4218707,Tubarão,42131,0.9788,72.73,37.0,93.74
4207304,Imbituba,19946,0.96768,69.85,37.0,96.24
4213807,Praia Grande,3235,0.9483,71.67,37.0,100.39
4218400,Treze de Maio,2586,0.96418,68.06,37.0,101.7
4209003,Joaçaba,11772,0.97503,72.73,37.0,94.7
4206207,Gravatal,4626,0.97129,70.68,37.0,98.8
4213609,Porto União,11875,0.97347,69.65,37.0,97.56
4214508,Rio do Campo,2343,0.9518,62.01,37.0,104.44
4217956,Tigrinhos,863,0.95371,66.03,37.0,101.99
4202438,Bocaina do Sul,1324,0.91983,72.88,37.0,109.1
4215679,Santa Terezinha,2944,0.96579,59.77,37.0,112.1
4210605,Massaranduba,6204,0.97293,67.69,37.0,103.41
4203303,Campo Alegre,4404,0.9676,64.15,37.0,99.54
4204194,Chapadão do Lageado,1078,0.94852,57.76,37.0,107.6
4206702,Herval d'Oeste,8275,0.96816,69.03,37.0,97.31
4212650,Pescaria Brava,3824,0.95674,72.35,37.0,98.71
4211009,Mondaí,3783,0.96607,72.07,37.0,100.96
4213203,Pomerode,11949,0.98626,61.27,37.0,98.25
4202701,Botuverá,1976,0.9727,71.18,37.0,102.53
4215059,Rio Rufino,871,0.9354,65.8,37.0,105.75
2803104,Itabi,1829,0.74706,68.98,37.0,102.95
3502002,Analândia,1679,0.95545,66.1,37.0,100.92
3508504,Caçapava,33656,0.97071,62.97,37.0,95.85
3544400,Rubiácea,1000,0.92077,51.32,37.0,100.15
3520509,Indaiatuba,90749,0.97878,61.67,37.0,95.45
3536570,Paulistânia,766,0.92398,69.97,37.0,100.0
3541000,Praia Grande,130046,0.97302,64.36,37.0,90.25
3511300,Cedral,4656,0.96798,70.32,37.0,97.28
3513108,Cravinhos,11349,0.95879,68.58,37.0,96.86
3554508,Tietê,13834,0.97547,76.1,37.0,97.17
3516101,Florínia,1054,0.93244,82.41,37.0,181.92
3540804,Potirendaba,6808,0.95631,73.99,37.0,97.44
3556404,Vargem Grande do Sul,14593,0.9564,72.53,37.0,96.74
3517901,Guaraci,3915,0.93482,75.78,37.0,100.0
3530706,Mogi Guaçu,54720,0.9719,68.25,37.0,94.91
3506300,Bernardino de Campos,3884,0.96712,89.44,37.0,112.08
3514700,Echaporã,2283,0.94695,74.31,37.0,96.98
3549805,São José do Rio Preto,185633,0.97837,77.76,37.0,91.26
3537503,Pereiras,3111,0.95241,66.67,37.0,100.53
3504107,Atibaia,56522,0.96546,68.88,37.0,93.93
3515657,Fernão,613,0.94952,82.2,37.0,103.19
3532405,Nazaré Paulista,6724,0.92906,70.74,37.0,103.02
3539707,Platina,1133,0.93455,68.9,37.0,100.46
3521507,Irapuã,2461,0.92935,78.45,37.0,101.73
3522000,Itaju,1307,0.94822,75.36,37.0,100.55
3500907,Altair,1278,0.9255,65.25,37.0,103.12
3509502,Campinas,429543,0.97587,76.93,37.0,91.1
3538709,Piracicaba,155428,0.97624,70.58,37.0,93.71
3503505,Areias,1231,0.93975,68.8,37.0,101.07
3506805,Bocaina,4079,0.9499,68.95,37.0,95.71
3533403,Nova Odessa,22197,0.97867,62.67,37.0,95.59
3517604,Guapiara,6156,0.91299,64.5,37.0,102.67
3517406,Guaíra,14707,0.96069,69.99,37.0,95.1
3506201,Bento de Abreu,929,0.94205,61.97,37.0,100.15
3533601,Nuporanga,2686,0.95467,68.2,37.0,97.46
3508603,Cachoeira Paulista,10905,0.96491,69.07,37.0,93.37
3541604,Promissão,12865,0.96374,70.56,37.0,96.27
3552007,Silveiras,2230,0.91759,70.7,37.0,99.42
3548708,São Bernardo do Campo,300683,0.976,68.28,37.0,90.59
3521150,Ipiguá,2445,0.9598,62.88,37.0,101.16
3505401,Barra do Turvo,2575,0.87766,67.99,37.0,102.77
3506003,Bauru,140033,0.97901,72.35,37.0,93.61
3527207,Lorena,30025,0.9724,72.16,37.0,91.82
3533700,Ocauçu,1622,0.93716,77.49,37.0,104.49
3512001,Colina,6560,0.95481,68.54,37.0,93.85
3511508,Cerquilho,15904,0.9768,70.61,37.0,94.94
3523404,Itatiba,43750,0.97407,65.65,37.0,95.71
3516002,Flórida Paulista,4315,0.94711,87.98,37.0,120.79
3518305,Guararema,11086,0.95211,65.69,37.0,97.22
3542909,Ribeirão Bonito,4036,0.93098,71.99,37.0,98.32
3548906,São Carlos,96622,0.97504,74.51,37.0,94.72
3505500,Barretos,46316,0.97623,70.82,37.0,92.24
3528858,Marapoama,1238,0.94901,77.56,37.0,102.71
3503307,Araras,47974,0.96808,74.07,37.0,93.77
3515301,Estrela do Norte,971,0.92417,65.37,37.0,96.15
3524402,Jacareí,85076,0.97296,63.21,37.0,93.14
3538907,Pirajuí,7484,0.94792,87.17,37.0,109.85
3509908,Cananéia,4394,0.95278,69.04,37.0,95.56
3520004,Igaraçu do Tietê,8193,0.94195,57.86,37.0,98.88
3545001,Salesópolis,5397,0.94042,67.84,37.0,98.02
3507605,Bragança Paulista,63444,0.9728,69.75,37.0,94.05
3543501,Riversul,2115,0.91364,69.17,37.0,101.19
3537800,Piedade,19056,0.9542,70.64,37.0,100.85
3509452,Campina do Monte Alegre,2194,0.94627,69.42,37.0,101.69
3520202,Igaratá,3926,0.92847,67.49,37.0,100.17
3557204,Chavantes,4343,0.94616,69.54,37.0,94.66
3532801,Nova Aliança,2501,0.95405,77.92,37.0,96.68
3541703,Quatá,4827,0.93001,60.91,37.0,99.02
3543907,Rio Claro,74084,0.97435,74.23,37.0,93.11
3554102,Taubaté,112842,0.97815,67.83,37.0,92.84
3545100,Salmourão,1798,0.89893,80.68,37.0,101.09
3505005,Barão de Antonina,1336,0.94225,73.14,37.0,99.72
3529005,Marília,88399,0.97371,74.22,37.0,92.0
3542800,Ribeira,1163,0.91176,74.84,37.0,102.98
3546405,Santa Cruz do Rio Pardo,16715,0.96511,75.8,37.0,94.54
3517307,Guaimbê,2060,0.92832,74.43,37.0,98.77
3551801,Sete Barras,4483,0.91354,62.93,37.0,103.26
3550100,São Manuel,13529,0.95439,68.98,37.0,96.02
3510807,Casa Branca,9748,0.95983,78.32,37.0,107.32
3550308,São Paulo,4307665,0.97417,72.53,37.0,88.81
3553203,Taiúva,2093,0.94337,101.86,37.0,128.63
3532868,Nova Castilho,398,0.95902,71.63,37.0,96.3
3533908,Olímpia,20418,0.96546,74.27,37.0,94.38
3537206,Pedro de Toledo,3945,0.92671,68.37,37.0,104.89
3549409,São Joaquim da Barra,17407,0.96531,72.03,37.0,93.98
3526407,Laranjal Paulista,9287,0.96597,75.16,37.0,95.39
3535507,Paraguaçu Paulista,14825,0.95392,70.51,37.0,99.46
3501509,Alvinlândia,1007,0.92707,66.97,37.0,97.87
3526902,Limeira,104444,0.97203,72.7,37.0,94.83
3546900,Santa Lúcia,2463,0.93826,64.54,37.0,97.32
3514106,Dois Córregos,8856,0.94189,68.02,37.0,97.18
3501004,Altinópolis,6078,0.94987,77.76,37.0,97.16
1703008,Babaçulândia,2682,0.83001,64.15,37.0,110.36
1716604,Peixe,3418,0.84583,61.64,37.0,106.31
1709807,Ipueiras,563,0.83806,58.87,37.0,110.04
1704600,Chapada de Areia,563,0.84927,63.82,37.0,113.51
1720499,São Valério,1695,0.86308,63.85,37.0,106.06
1707207,Dois Irmãos do Tocantins,2290,0.87016,60.86,37.0,115.13
1717800,Ponte Alta do Bom Jesus,1580,0.83373,66.55,37.0,109.01
1720978,Talismã,916,0.88546,52.65,37.0,107.78
1707652,Figueirópolis,1948,0.88299,66.16,37.0,103.32
1721307,Tupiratins,678,0.84888,57.78,37.0,107.76
2926707,Rio de Contas,4556,0.81817,96.86,39.0,96.28
2916005,Itanhém,6806,0.81601,88.5,39.0,101.71
2910305,Elísio Medrado,2982,0.82985,85.83,39.0,98.27
2906857,Capela do Alto Alegre,4309,0.77611,95.97,39.0,98.93
2908705,Condeúba,5875,0.81685,90.27,39.0,97.14
2919959,Maetinga,2439,0.76572,98.4,39.0,102.7
2924702,Piripá,3254,0.77779,87.45,39.0,95.81
2906899,Caraíbas,3450,0.7291,95.71,39.0,102.98
2922730,Nova Fátima,3052,0.8324,82.76,39.0,95.7
2900900,Almadina,2050,0.7695,85.12,39.0,95.94
2917409,Jacaraci,4565,0.81404,105.59,39.0,104.19
2928950,São Domingos,3321,0.82759,89.04,39.0,96.55
2931806,Tremedal,5882,0.73141,95.77,39.0,101.61
3203601,Mucurici,2119,0.84973,74.95,39.0,101.1
3203304,Mantenópolis,4988,0.8615,68.8,39.0,97.16
3204609,Santa Teresa,8667,0.94372,89.38,39.0,98.76
3203353,Marilândia,4709,0.9146,83.58,39.0,97.78
3203403,Mimoso do Sul,9435,0.90671,83.9,39.0,101.19
3204807,São José do Calçado,4265,0.90106,87.67,39.0,97.85
3200508,Apiacá,2746,0.90434,86.69,39.0,93.91
3204252,Ponto Belo,2486,0.86779,73.7,39.0,93.88
3204500,Santa Leopoldina,4954,0.90202,75.47,39.0,110.4
5215256,Novo Planalto,1428,0.88759,58.64,39.0,103.95
5220264,São Miguel do Passa Quatro,1652,0.92806,71.53,39.0,103.28
5201306,Anicuns,7158,0.91858,75.96,39.0,98.79
5206305,Cristianópolis,1396,0.94444,84.98,39.0,101.03
5217708,Pontalina,7355,0.92724,86.18,39.0,95.82
5207253,Doverlândia,2767,0.89213,68.19,39.0,107.09
5219001,Sanclerlândia,3129,0.91312,82.24,39.0,99.5
5208152,Gameleira de Goiás,1284,0.91565,62.24,39.0,107.32
5205455,Cezarina,3220,0.88569,66.38,39.0,102.96
5204409,Caiapônia,6386,0.90085,75.16,39.0,101.33
5213772,Montividiu do Norte,1510,0.85616,67.04,39.0,109.6
5221700,Uruana,5270,0.89544,83.73,39.0,98.74
5218706,Rianápolis,1591,0.90413,84.01,39.0,97.22
5205059,Castelândia,1189,0.81674,72.14,39.0,101.15
5202155,Araguapaz,2776,0.84115,65.33,39.0,99.25
5212956,Matrinchã,1560,0.88649,74.54,39.0,101.4
3104601,Astolfo Dutra,5177,0.94787,88.52,39.0,100.91
3114600,Carrancas,1508,0.94483,82.24,39.0,98.97
3133402,Itapagipe,5425,0.94388,84.22,39.0,105.0
3108404,Botelhos,5605,0.93278,90.56,39.0,98.58
3111200,Campo Belo,19817,0.94253,91.51,39.0,94.19
3125507,São Gonçalo do Rio Preto,1149,0.87461,92.58,39.0,93.37
3147303,Paraisópolis,7878,0.94816,83.75,39.0,98.42
3147600,Passa Quatro,5595,0.9611,81.42,39.0,95.87
3155801,Rio Pomba,6773,0.94441,92.37,39.0,95.68
3160900,São Brás do Suaçuí,1491,0.9609,83.28,39.0,95.54
3145604,Oliveira,14114,0.95405,90.49,39.0,94.17
3133907,Itaverava,1995,0.87771,90.43,39.0,105.39
3144102,Muzambinho,8154,0.9581,86.93,39.0,99.32
3106408,Belo Vale,3244,0.94352,85.89,39.0,101.8
3140605,Materlândia,1417,0.82411,85.03,39.0,96.87
3149200,Pedrinópolis,1223,0.94593,76.44,39.0,109.92
3151305,Piraúba,4318,0.94378,92.38,39.0,98.67
3119955,Córrego Fundo,2196,0.92088,79.98,39.0,101.81
3135001,Jaguaraçu,1118,0.91448,81.58,39.0,97.45
3156403,Romaria,1207,0.93614,70.16,39.0,105.71
3162500,São João del Rei,34506,0.97235,91.17,39.0,92.91
3111309,Campo do Meio,4075,0.93257,85.41,39.0,101.65
3123304,Dores do Turvo,1890,0.89504,84.75,39.0,101.09
3130002,Ibituruna,967,0.93068,97.0,39.0,98.38
3123858,Entre Folhas,1930,0.89034,83.28,39.0,103.66
3131208,Ipanema,7570,0.89789,87.6,39.0,95.06
3109253,Bugre,1438,0.85095,85.28,39.0,102.45
3110707,Cambuquira,4597,0.92109,94.41,39.0,96.04
3126000,Florestal,3019,0.96219,88.37,39.0,96.75
3163706,São Lourenço,17098,0.97363,92.34,39.0,90.91
3143005,Monte Belo,4888,0.93096,92.01,39.0,103.46
3162906,São João Nepomuceno,9840,0.96806,86.64,39.0,91.83
3135902,Jesuânia,1914,0.90886,81.17,39.0,105.77
3154309,Resplendor,6604,0.89731,82.63,39.0,95.97
3130804,Ingaí,936,0.93738,88.21,39.0,109.25
3109907,Caetanópolis,4208,0.95348,79.6,39.0,97.22
3170602,Vargem Bonita,876,0.95149,86.75,39.0,114.3
3111804,Canápolis,4034,0.92021,80.81,39.0,101.29
3126109,Formiga,26165,0.95317,92.59,39.0,96.95
3138401,Leopoldina,19187,0.95158,86.16,39.0,91.55
3138708,Luminárias,2122,0.93781,84.69,39.0,105.59
3169000,Tocantins,6154,0.93902,82.07,39.0,98.2
3135605,Jequitaí,2465,0.86044,80.3,39.0,98.9
3135704,Jequitibá,2248,0.92177,93.7,39.0,104.27
3128402,Guarani,2867,0.9242,88.71,39.0,99.23
3154408,Ressaquinha,1640,0.9324,82.04,39.0,101.6
3114402,Carmo do Rio Claro,7945,0.94107,80.84,39.0,102.06
3134301,Itumirim,2413,0.94995,86.2,39.0,98.03
3137809,Lambari,7577,0.95754,91.94,39.0,96.82
3134806,Jacuí,2816,0.92088,89.93,39.0,103.01
3155702,Rio Piracicaba,5281,0.93476,86.64,39.0,95.24
3119302,Coromandel,11454,0.94087,80.03,39.0,101.18
3124906,Eugenópolis,4243,0.91326,94.48,39.0,103.18
3143203,Monte Santo de Minas,7973,0.9205,93.58,39.0,99.47
3158102,Santa Maria do Salto,1786,0.79173,87.68,39.0,102.0
3140209,Maripá de Minas,1233,0.91166,90.02,39.0,99.82
3144904,Nova Módica,1414,0.83097,81.83,39.0,98.75
3168903,Tiros,3107,0.94563,87.83,39.0,103.64
3101805,Alpercata,2755,0.86916,87.59,39.0,97.51
3109501,Cabo Verde,4200,0.92096,81.02,39.0,106.37
3119005,Cordislândia,1147,0.90286,77.44,39.0,103.82
3142106,Miradouro,3531,0.8818,87.91,39.0,98.76
3154705,Ribeirão Vermelho,1470,0.97226,90.32,39.0,95.97
3109808,Cachoeira Dourada,867,0.92648,77.84,39.0,101.83
3141900,Minduri,1353,0.93312,89.94,39.0,100.7
3158706,Santana do Garambéu,779,0.88098,98.23,39.0,101.6
3163904,São Pedro da União,1908,0.93293,97.88,39.0,104.82
3104908,Baependi,6787,0.92068,91.82,39.0,99.96
3135407,Jeceaba,2262,0.93826,84.21,39.0,100.1
3138609,Lima Duarte,6876,0.93333,89.05,39.0,98.35
3149606,Pequi,1553,0.93855,83.95,39.0,101.8
3170438,União de Minas,1509,0.87726,64.32,39.0,108.95
3111002,Campestre,7842,0.93795,95.44,39.0,105.75
3126406,Fortuna de Minas,1124,0.95164,80.72,39.0,98.27
3100807,Aguanil,1622,0.92194,88.18,39.0,98.41
3114550,Carneirinho,3750,0.90698,80.12,39.0,102.62
3110806,Campanário,1086,0.83458,87.48,39.0,90.92
3140803,Matias Barbosa,5234,0.95524,88.93,39.0,97.17
3124807,Estrela do Sul,2661,0.91475,76.82,39.0,109.43
3171709,Virgínia,3297,0.91667,88.15,39.0,100.9
3124500,Estiva,4198,0.91417,87.66,39.0,105.72
3140407,Marmelópolis,1189,0.93021,71.62,39.0,102.92
3154200,Resende Costa,4264,0.95271,92.05,39.0,95.99
3116209,Chiador,1038,0.94218,85.49,39.0,90.74
3144672,Nova Belém,1181,0.83043,66.51,39.0,105.01
3102902,Antônio Carlos,4073,0.92309,85.1,39.0,100.74
3134707,Jacinto,4184,0.81396,84.2,39.0,101.2
3138807,Luz,6769,0.94516,92.98,39.0,97.49
3157377,Santa Cruz de Salinas,1455,0.77943,98.83,39.0,102.91
3154903,Rio Casca,4686,0.92266,89.29,39.0,93.04
3160702,Santos Dumont,15930,0.94941,89.23,39.0,92.52
5003108,Corguinho,1858,0.91328,68.76,39.0,107.33
5007307,Rio Negro,1769,0.91339,65.26,39.0,102.38
5004007,Glória de Dourados,3953,0.91607,74.69,39.0,96.98
5108105,Tesouro,1155,0.89553,65.66,39.0,113.18
5105200,Juscimeira,4326,0.88796,62.25,39.0,103.33
5106109,Nossa Senhora do Livramento,4598,0.87199,69.88,39.0,110.58
5106208,Nova Brasilândia,1540,0.79792,58.69,39.0,109.37
5103601,Dom Aquino,3026,0.88763,69.45,39.0,103.41
2513851,Santo André,997,0.80666,87.83,39.0,99.24
2512077,Poço de José de Moura,1450,0.80957,90.75,39.0,94.09
2506202,Frei Martinho,1085,0.81833,98.29,39.0,99.72
2510659,Parari,644,0.8198,86.08,39.0,100.93
2513968,São Domingos,921,0.66229,87.26,39.0,99.77
2517209,Vieirópolis,1622,0.67098,99.76,39.0,101.16
2510600,Ouro Velho,1120,0.76838,68.69,39.0,99.32
2517100,Várzea,991,0.89402,93.48,39.0,99.1
2205003,Itainópolis,3951,0.71561,86.53,39.0,102.29
2209856,São João da Canabrava,1565,0.75209,82.05,39.0,96.94
2200905,Aroazes,1817,0.7591,83.45,39.0,96.02
2209500,Santo Inácio do Piauí,1333,0.75641,80.47,39.0,101.66
2209708,São Francisco do Piauí,2082,0.72987,81.86,39.0,97.51
2211605,Vila Nova do Piauí,1093,0.73099,74.37,39.0,102.97
2200954,Aroeiras do Itaim,940,0.65371,91.78,39.0,107.24
2207777,Patos do Piauí,2075,0.6953,93.13,39.0,105.49
2203503,Elesbão Veloso,4806,0.75139,83.96,39.0,93.97
2210359,São Lourenço do Piauí,1487,0.8369,89.11,39.0,104.26
4125803,São Pedro do Ivaí,3353,0.9048,79.91,39.0,96.87
4105102,Centenário do Sul,4243,0.89939,77.04,39.0,96.7
4111704,Jaboti,2046,0.91023,71.47,39.0,102.88
4117206,Nova Olímpia,2262,0.91168,83.32,39.0,97.59
4117271,Nova Tebas,2550,0.86271,79.94,39.0,105.46
4103222,Bom Sucesso do Sul,1181,0.94391,79.58,39.0,92.89
4123402,Santa Fé,4258,0.93774,80.63,39.0,93.04
4111100,Itambé,2334,0.93114,89.4,39.0,96.18
4117297,Novo Itacolomi,1159,0.91108,92.25,39.0,102.79
4109104,Guaporema,833,0.88999,82.84,39.0,98.46
4109906,Icaraíma,3335,0.90619,79.34,39.0,99.93
4103024,Boa Esperança do Iguaçu,881,0.90688,68.06,39.0,106.65
4125407,São José da Boa Vista,2358,0.92776,76.58,39.0,104.95
4113601,Lobato,1734,0.94871,74.91,39.0,98.23
4128609,Verê,2925,0.9332,82.89,39.0,99.8
4101309,Antônio Olinto,2771,0.93786,80.99,39.0,109.87
4102109,Astorga,9560,0.95133,80.94,39.0,93.55
4116901,Nova Esperança,9989,0.94068,78.63,39.0,93.74
4105904,Colorado,8810,0.93772,82.71,39.0,94.63
4116604,Nova América da Colina,1164,0.89974,78.51,39.0,101.97
4111555,Ivaté,2581,0.91793,73.02,39.0,97.09
4111506,Ivaiporã,12760,0.92375,83.68,39.0,94.58
4106704,Cruzeiro do Sul,1729,0.91964,75.82,39.0,97.63
4123709,Santa Isabel do Ivaí,3469,0.92574,81.59,39.0,95.61
4107405,Enéas Marques,2207,0.93082,73.76,39.0,105.52
4122909,Salto do Itararé,1997,0.89051,86.69,39.0,100.85
4112108,Jandaia do Sul,8167,0.9478,88.43,39.0,94.04
4123824,Santa Lúcia,1389,0.93467,80.71,39.0,101.66
4116307,Munhoz de Melo,1464,0.93032,86.29,39.0,97.65
4102802,Bela Vista do Paraíso,5533,0.92333,87.69,39.0,92.61
4107751,Figueira,2946,0.89289,80.97,39.0,101.25
4123105,Santa Amélia,1290,0.91706,82.02,39.0,97.33
4101051,Anahy,1116,0.90268,83.15,39.0,97.03
4123204,Santa Cecília do Pavão,1301,0.86485,84.52,39.0,97.94
4103404,Cafeara,1008,0.89027,71.62,39.0,100.53
4128559,Vera Cruz do Oeste,3140,0.90402,79.03,39.0,94.39
4107850,Flor da Serra do Sul,1625,0.90556,67.9,39.0,102.32
4119806,Planalto,5311,0.94489,85.26,39.0,99.64
4116406,Nossa Senhora das Graças,1364,0.90988,68.27,39.0,97.15
4100103,Abatiá,2714,0.8897,78.03,39.0,99.04
4120853,Quatro Pontes,1696,0.98391,83.25,39.0,96.06
4119954,Pontal do Paraná,11731,0.9691,79.41,39.0,97.31
4114351,Manfrinópolis,1033,0.91506,70.17,39.0,109.85
4119202,Pinhalão,2420,0.90543,75.27,39.0,99.64
4117008,Nova Fátima,2733,0.90133,84.6,39.0,95.69
4125902,São Pedro do Paraná,985,0.91809,75.82,39.0,101.59
3302700,Maricá,73454,0.97344,72.55,39.0,92.57
3306305,Volta Redonda,97991,0.97625,87.0,39.0,88.56
3300159,Aperibé,4334,0.93661,83.86,39.0,94.06
3301157,Cardoso Moreira,4985,0.8901,86.04,39.0,96.45
3303906,Petrópolis,108238,0.97049,92.91,39.0,88.69
3303203,Nilópolis,57005,0.98084,82.87,39.0,87.45
3302304,Laje do Muriaé,2728,0.91218,83.66,39.0,96.57
3304706,Santo Antônio de Pádua,15817,0.93091,84.1,39.0,94.12
3306107,Valença,25919,0.9531,90.66,39.0,89.48
3302205,Itaperuna,38479,0.94012,82.53,39.0,93.14
3304409,Rio Claro,6415,0.91589,77.58,39.0,95.89
3301207,Carmo,6683,0.93782,84.48,39.0,94.17
3300209,Araruama,48144,0.95333,79.31,39.0,90.78
3305505,Saquarema,34117,0.95727,83.92,39.0,94.01
3302601,Mangaratiba,15765,0.96588,75.23,39.0,96.63
3304805,São Fidélis,14908,0.92179,83.16,39.0,97.41
3303104,Natividade,5691,0.9278,92.26,39.0,94.18
3305406,Sapucaia,6693,0.91831,79.32,39.0,96.68
3300407,Barra Mansa,62890,0.96947,78.93,39.0,90.2
3301108,Cantagalo,7289,0.93113,80.15,39.0,95.11
2411809,São Fernando,1242,0.78964,89.62,39.0,100.11
2412104,São João do Sabugi,2256,0.85015,93.37,39.0,93.38
2404804,Ipueira,777,0.86533,99.71,39.0,95.67
2414308,Timbaúba dos Batistas,844,0.82974,100.28,39.0,95.02
2408409,Olho-d'Água do Borges,1399,0.74849,107.37,39.0,98.12
1101484,São Felipe D'Oeste,1962,0.89809,70.52,39.0,105.07
4302451,Boqueirão do Leão,2440,0.92276,78.54,39.0,103.35
4311122,Jaquirana,1391,0.92036,77.73,39.0,103.42
4301909,Barra do Ribeiro,4796,0.94947,93.03,39.0,95.63
4312757,Nova Alvorada,1172,0.95139,95.28,39.0,97.93
4321907,Três Passos,9958,0.96487,93.32,39.0,95.69
4321303,Taquari,10099,0.95486,80.54,39.0,93.99
4300638,Amaral Ferrador,2012,0.9303,77.84,39.0,105.18
4322152,Tunas,1404,0.85051,76.66,39.0,107.26
4307104,Herval,2668,0.95004,99.01,39.0,101.4
4308201,Flores da Cunha,11803,0.97887,82.53,39.0,97.27
4302154,Boa Vista das Missões,764,0.95397,84.44,39.0,96.84
4309050,Glorinha,2991,0.95645,85.0,39.0,101.58
4301404,Arvorezinha,3931,0.95313,101.07,39.0,99.81
4301305,Arroio Grande,7269,0.94287,94.32,39.0,97.04
4304655,Capão do Cipó,1167,0.97018,81.38,39.0,111.03
4312906,Nova Bassano,3291,0.98409,105.69,39.0,100.02
4311254,Lagoão,2033,0.8364,75.23,39.0,105.9
4312377,Monte Alegre dos Campos,1194,0.92403,80.67,39.0,112.57
4314035,Pareci Novo,1680,0.98102,80.19,39.0,100.14
4321501,Torres,16524,0.97157,85.68,39.0,92.19
4301651,Barão,2427,0.9741,88.16,39.0,101.84
4304200,Candelária,11388,0.94109,96.82,39.0,96.05
4308607,Garibaldi,13401,0.98115,93.11,39.0,96.36
4311205,Júlio de Castilhos,6965,0.95702,88.03,39.0,94.64
4316451,Salto do Jacuí,4023,0.93355,74.82,39.0,94.53
4301206,Arroio do Tigre,4452,0.94201,89.75,39.0,98.49
4306601,Dom Pedrito,14309,0.95654,86.84,39.0,97.5
4319802,São Vicente do Sul,3117,0.95491,89.83,39.0,98.12
4322608,Venâncio Aires,27675,0.96353,89.99,39.0,96.65
4310801,Ivoti,8616,0.98357,67.9,39.0,95.27
4300406,Alegrete,28245,0.95786,89.13,39.0,94.58
4314902,Porto Alegre,558252,0.9826,98.38,39.0,85.24
4311718,Maçambará,1632,0.93918,71.0,39.0,104.48
4308102,Feliz,5394,0.98639,91.98,39.0,96.49
4311007,Jaguarão,10836,0.95762,94.41,39.0,92.73
4318408,São Jerônimo,8091,0.94364,81.78,39.0,96.93
4321006,Tapera,4051,0.95443,83.8,39.0,95.93
4316402,Rosário do Sul,13803,0.95066,92.31,39.0,93.82
4317608,Santo Antônio da Patrulha,17074,0.94259,90.22,39.0,97.77
4307401,Esmeralda,1248,0.94041,94.11,39.0,96.37
4307500,Espumoso,5796,0.95141,95.89,39.0,97.0
4319158,São Miguel das Missões,2804,0.94841,89.27,39.0,107.53
4306908,Encruzilhada do Sul,9607,0.92813,88.49,39.0,98.86
4303558,Camargo,1128,0.96271,95.72,39.0,99.67
4314704,Planalto,4049,0.92173,86.81,39.0,97.08
4316758,Santa Clara do Sul,2580,0.97869,91.82,39.0,98.64
4309605,Horizontina,7624,0.97693,92.66,39.0,94.56
4316105,Ronda Alta,3559,0.94408,95.91,39.0,95.54
4304002,Campo Novo,1920,0.91815,80.67,39.0,97.58
4323101,Vicente Dutra,1789,0.91746,79.15,39.0,103.98
4309951,Ibirapuitã,1462,0.92915,102.06,39.0,106.03
4318507,São José do Norte,10193,0.8826,86.56,39.0,100.92
4319752,São Vendelino,852,0.98673,77.93,39.0,105.01
4321808,Três de Maio,9877,0.97052,95.88,39.0,93.54
4306809,Encantado,9028,0.97046,96.42,39.0,93.63
4304697,Capitão,1054,0.9611,93.21,39.0,102.43
4312138,Mato Castelhano,925,0.94932,80.84,39.0,98.83
4314175,Pedras Altas,866,0.93227,76.03,39.0,110.31
4205159,Doutor Pedrinho,1363,0.96602,93.06,39.0,101.61
4210209,Major Gercino,1205,0.94473,71.32,39.0,101.25
4205209,Erval Velho,1880,0.94944,100.35,39.0,97.77
4215604,Santa Rosa de Lima,737,0.96918,85.12,39.0,105.71
4204152,Celso Ramos,1031,0.93031,78.98,39.0,103.41
4207858,Irati,787,0.92231,83.24,39.0,102.05
4216701,São José do Cedro,5336,0.96465,82.82,39.0,100.92
4216008,São Carlos,3873,0.9647,80.15,39.0,98.61
4218954,Urupema,962,0.94306,72.58,39.0,108.31
4205357,Flor do Sertão,663,0.88267,92.11,39.0,103.08
4209805,Leoberto Leal,1217,0.91752,71.69,39.0,105.81
4205555,Frei Rogério,866,0.94097,73.89,39.0,110.75
4208955,Jardinópolis,676,0.94941,70.57,39.0,102.51
4205431,Formosa do Sul,952,0.93397,84.36,39.0,101.81
4218350,Treviso,1369,0.97646,80.75,39.0,95.96
4208807,Jaguaruna,7567,0.96919,80.55,39.0,97.13
4215075,Riqueza,1838,0.93897,88.03,39.0,106.05
4219002,Urussanga,7765,0.97672,91.14,39.0,94.14
4206751,Ibiam,716,0.96611,81.3,39.0,107.44
4215695,Santiago do Sul,577,0.94478,83.92,39.0,97.02
4201653,Arvoredo,870,0.91807,89.43,39.0,111.81
4210803,Meleiro,2589,0.9598,87.84,39.0,98.81
4217105,São Martinho,1168,0.97686,92.95,39.0,105.74
4202073,Balneário Gaivota,5970,0.96669,77.17,39.0,95.45
4205605,Galvão,1155,0.8836,76.28,39.0,98.15
4217550,Serra Alta,1230,0.95927,82.18,39.0,99.46
4217758,Sul Brasil,999,0.9262,82.52,39.0,103.59
4202081,Bandeirante,1141,0.9281,84.62,39.0,111.43
4204178,Cerro Negro,1197,0.8827,72.71,39.0,112.76
4204400,Coronel Freitas,3721,0.93922,81.02,39.0,100.7
4212239,Paraíso,1574,0.93444,82.82,39.0,107.24
4203105,Caibi,2310,0.94711,84.68,39.0,100.32
4213153,Planalto Alegre,1058,0.92445,82.31,39.0,104.02
4204707,Cunha Porã,4189,0.96779,88.5,39.0,97.46
4207650,Iporã do Oeste,3401,0.97216,87.41,39.0,101.62
4211876,Paial,692,0.92332,77.07,39.0,106.32
3522703,Itápolis,15001,0.9515,85.69,39.0,95.83
3536257,Parisi,1108,0.93283,92.16,39.0,93.44
3537602,Peruíbe,25016,0.95994,82.42,39.0,93.0
3500204,Adolfo,1650,0.93221,86.17,39.0,97.95
3519253,Iaras,1791,0.9463,62.0,39.0,209.51
3512506,Coroados,2021,0.95779,74.42,39.0,97.8
3514924,Elisiário,1184,0.93673,81.68,39.0,102.84
3548203,Santo Antônio do Pinhal,2606,0.95665,71.44,39.0,101.5
3549102,São João da Boa Vista,34670,0.97272,88.02,39.0,92.47
3523008,Itapura,1520,0.93282,75.48,39.0,100.25
3554904,Três Fronteiras,2587,0.93489,87.31,39.0,99.82
3550803,São Sebastião da Grama,3862,0.95747,88.77,39.0,99.33
3508207,Buritizal,1661,0.94854,86.2,39.0,95.69
3547601,Santa Rosa de Viterbo,8597,0.96622,84.55,39.0,93.24
3511102,Catanduva,44061,0.96804,86.62,39.0,91.94
3520301,Iguape,10838,0.94179,80.94,39.0,100.64
3536802,Pedra Bela,2462,0.92718,95.08,39.0,107.7
3537305,Penápolis,23212,0.96814,81.07,39.0,92.78
3544707,Sagres,917,0.91114,78.63,39.0,94.04
3501905,Amparo,24491,0.96776,90.79,39.0,94.56
3520608,Indiana,1919,0.95471,80.11,39.0,101.9
3522604,Itapira,26200,0.96409,86.28,39.0,95.97
3531308,Monte Alto,18050,0.96691,93.6,39.0,95.75
3541307,Presidente Epitácio,15043,0.95161,75.61,39.0,93.22
3504800,Bálsamo,3708,0.96337,87.95,39.0,95.12
3516705,Garça,15523,0.95895,87.46,39.0,92.91
3515202,Estrela d'Oeste,3464,0.94051,88.45,39.0,103.61
3519402,Ibirá,4404,0.94865,89.21,39.0,95.85
3534104,Oriente,2202,0.95808,90.56,39.0,92.44
3546603,Santa Fé do Sul,13404,0.9625,88.16,39.0,92.6
3515509,Fernandópolis,27621,0.96216,92.63,39.0,92.53
3530508,Mococa,24696,0.96425,87.17,39.0,96.25
3549250,São João de Iracema,687,0.92634,85.55,39.0,98.71
3519907,Iepê,2901,0.95123,85.43,39.0,94.16
3539004,Pirangi,4028,0.94885,92.9,39.0,99.47
3538600,Piracaia,9524,0.94533,90.25,39.0,95.43
3522109,Itanhaém,41964,0.9592,78.57,39.0,92.65
3549706,São José do Rio Pardo,18754,0.96904,89.85,39.0,93.07
3524303,Jaboticabal,27393,0.96569,87.81,39.0,91.09
3535705,Paraíso,2268,0.94063,86.66,39.0,102.02
3539905,Poloni,2168,0.93708,97.36,39.0,96.56
3550902,São Simão,4878,0.96225,91.77,39.0,96.23
3500550,Águas de Santa Bárbara,2710,0.95636,84.03,39.0,99.42
3509304,Cajobi,3513,0.94676,93.17,39.0,98.24
3545159,Saltinho,2915,0.97909,90.53,39.0,96.46
3531704,Monteiro Lobato,1568,0.91898,72.89,39.0,99.81
3512308,Conchas,5593,0.96191,83.44,39.0,100.21
3508702,Caconde,6212,0.94719,92.12,39.0,98.69
3527009,Lindóia,2591,0.96522,79.66,39.0,97.13
3546009,Santa Branca,5161,0.94991,84.94,39.0,99.02
3530805,Mogi Mirim,33795,0.96952,80.18,39.0,94.57
3531506,Monte Azul Paulista,6769,0.95196,92.08,39.0,100.14
3536604,Paulo de Faria,2916,0.92765,92.55,39.0,100.71
3556206,Valinhos,46360,0.98046,77.1,39.0,94.84
3531100,Mongaguá,21572,0.96169,84.59,39.0,103.53
3531407,Monte Aprazível,8641,0.96213,93.21,39.0,95.52
3512605,Coronel Macedo,1654,0.9125,88.2,39.0,101.98
3526001,Junqueirópolis,7151,0.95285,85.99,39.0,109.72
3540002,Pompéia,7313,0.96425,81.78,39.0,95.66
3548104,Santo Antônio do Jardim,2146,0.93995,91.72,39.0,101.18
3513702,Descalvado,11400,0.96189,85.06,39.0,96.13
3541208,Presidente Bernardes,4771,0.9548,117.2,39.0,126.87
3553401,Tanabi,9549,0.94728,86.74,39.0,96.8
3518206,Guararapes,11649,0.95219,83.43,39.0,94.77
3503000,Aramina,2002,0.95058,81.3,39.0,94.96
3513603,Cunha,8574,0.93263,84.01,39.0,103.44
3554706,Torrinha,3418,0.96222,91.84,39.0,99.51
3548054,Santo Antônio do Aracanguá,3141,0.94251,69.38,39.0,100.5
3539400,Piratininga,5246,0.96522,69.34,39.0,94.57
3552551,Suzanápolis,1279,0.92135,78.43,39.0,101.66
3506904,Bofete,3940,0.9429,85.36,39.0,103.62
3552304,Sud Mennucci,2810,0.93169,71.62,39.0,98.84
3550407,São Pedro,13923,0.96473,92.07,39.0,94.12
3537701,Piacatu,2081,0.92926,87.86,39.0,98.17
3553658,Taquaral,949,0.92227,84.49,39.0,98.86
3524105,Ituverava,14031,0.95443,86.5,39.0,93.4
1715150,Novo Alegre,718,0.87677,69.53,39.0,101.31
2918605,Jussiape,2533,0.82573,117.16,41.0,95.94
3204955,São Roque do Canaã,4095,0.92233,101.8,41.0,102.79
3202702,Itaguaçu,5263,0.91577,105.29,41.0,98.67
3203163,Laranja da Terra,4210,0.89316,102.92,41.0,101.97
5221908,Varjão,1553,0.88842,94.31,41.0,101.3
5203401,Bom Jardim de Goiás,3109,0.90035,92.84,41.0,102.75
5206800,Damolândia,1090,0.89086,92.53,41.0,97.39
5203104,Baliza,1286,0.89543,67.87,41.0,113.3
5208103,Formoso,1816,0.90207,78.6,41.0,101.99
5214804,Nova Aurora,832,0.93402,99.16,41.0,104.78
5216007,Panamá,995,0.90005,94.01,41.0,100.24
5213905,Mossâmedes,1861,0.90639,95.83,41.0,100.6
5200829,Amaralina,1280,0.8839,70.45,41.0,109.76
5201603,Araçu,1528,0.88882,93.5,41.0,94.82
5216809,Petrolina de Goiás,3749,0.91861,88.98,41.0,100.1
5214705,Nova América,908,0.89589,77.64,41.0,103.04
5208905,Goiás,9593,0.91088,89.88,41.0,98.1
5211404,Itauçu,2939,0.92559,93.25,41.0,96.84
5221577,Uirapuru,1069,0.87293,71.4,41.0,103.05
5219605,Santa Tereza de Goiás,1317,0.88287,96.02,41.0,101.78
5202809,Avelinópolis,1117,0.88409,99.35,41.0,100.0
5208509,Goiandira,1898,0.94804,104.27,41.0,97.66
5220058,São João da Paraúna,697,0.91638,99.34,41.0,97.33
5207535,Faina,2814,0.86414,85.37,41.0,107.76
5212055,Jesúpolis,833,0.86639,75.24,41.0,104.92
5206503,Cromínia,1536,0.92857,96.88,41.0,99.54
3113107,Caranaíba,1047,0.9222,101.51,41.0,105.82
3120607,Crucilândia,2119,0.90754,103.03,41.0,101.86
3159407,Santa Rita de Ibitipoca,1200,0.8952,92.57,41.0,109.59
3102803,Andrelândia,4523,0.91845,99.74,41.0,98.32
3107505,Bom Jardim de Minas,2680,0.91731,99.15,41.0,99.62
3119609,Coronel Pacheco,990,0.93929,96.27,41.0,95.47
3145505,Olímpio Noronha,942,0.91302,96.26,41.0,98.68
3110400,Camacho,1050,0.87032,100.23,41.0,109.91
3137908,Lamim,1192,0.91969,108.09,41.0,99.37
3130309,Iguatama,2706,0.95703,94.25,41.0,96.6
3117009,Comercinho,2539,0.78779,105.08,41.0,101.39
3146701,Palma,2149,0.91596,112.27,41.0,100.39
3125705,Felixlândia,5369,0.93089,102.6,41.0,100.09
3156502,Rubelita,2120,0.78499,101.94,41.0,106.66
3134509,Itutinga,1631,0.93868,91.15,41.0,101.96
3130606,Inconfidentes,2763,0.9441,98.35,41.0,104.68
3127404,Gonçalves,1826,0.92665,96.92,41.0,105.7
3104403,Argirita,1012,0.92918,102.34,41.0,99.85
3161601,São Geraldo da Piedade,1259,0.84226,93.81,41.0,91.59
3171402,Vieiras,1418,0.90234,94.82,41.0,104.76
3115201,Conceição da Barra de Minas,1324,0.93025,102.8,41.0,107.22
3168200,Tapiraí,657,0.90736,101.09,41.0,112.58
3105004,Baldim,2935,0.92375,107.93,41.0,99.52
3126505,Francisco Badaró,2832,0.82869,115.66,41.0,105.47
3167400,Silvianópolis,2438,0.89219,112.56,41.0,104.47
3116308,Cipotânea,2042,0.88932,93.91,41.0,98.33
3129905,Ibitiúra de Minas,1323,0.91752,114.96,41.0,102.35
3167905,Tabuleiro,1554,0.88781,115.18,41.0,98.91
3101300,Alagoa,1024,0.90499,100.23,41.0,105.46
3150604,Piracema,2614,0.91949,103.2,41.0,100.0
3167707,Sobrália,2010,0.85309,92.14,41.0,99.57
3114709,Carvalhópolis,1222,0.9315,112.99,41.0,105.6
3127354,Glaucilândia,1081,0.90132,91.94,41.0,98.24
3147709,Passa Tempo,3257,0.94648,112.32,41.0,99.46
3108909,Brazópolis,5441,0.92822,104.93,41.0,100.56
3148905,Pedra do Indaiá,1533,0.93274,103.32,41.0,108.52
3109105,Bueno Brandão,4196,0.92583,106.23,41.0,105.25
3105202,Bandeira,1754,0.78591,108.43,41.0,108.58
3107208,Bocaina de Minas,2211,0.88842,94.46,41.0,109.81
3117405,Conceição de Ipanema,1680,0.87808,94.07,41.0,100.68
3125903,Ferros,3647,0.84996,107.99,41.0,99.71
3131406,Ipiaçu,1533,0.89611,96.7,41.0,105.5
3167509,Simão Pereira,1073,0.94353,101.92,41.0,98.99
3141702,Mesquita,1837,0.87825,99.32,41.0,100.4
3119708,Coronel Xavier Chaves,1262,0.9564,89.77,41.0,97.96
3152600,Pouso Alto,2472,0.95286,95.15,41.0,99.45
3153202,Presidente Juscelino,1315,0.86829,100.18,41.0,102.99
3162609,São João do Oriente,2774,0.87286,92.25,41.0,96.83
3112000,Candeias,5419,0.89694,111.36,41.0,101.92
3115508,Caxambu,8154,0.95552,105.15,41.0,91.28
3151909,Pocrane,3265,0.86965,107.96,41.0,98.43
3163409,São José do Goiabal,1982,0.90419,93.72,41.0,96.36
3105103,Bambuí,9593,0.94225,112.74,41.0,96.58
3120003,Córrego Novo,1070,0.85166,95.02,41.0,100.91
3158805,Santana do Jacaré,1625,0.89656,107.54,41.0,102.3
3168309,Taquaraçu de Minas,1593,0.90365,93.04,41.0,109.63
3171105,Veríssimo,1379,0.91351,86.48,41.0,111.47
5106703,Ponte Branca,834,0.8645,83.82,41.0,108.08
5104203,Guiratinga,4402,0.90726,94.28,41.0,105.66
5101209,Araguainha,408,0.87089,86.77,41.0,113.08
2502300,Bom Sucesso,1725,0.74834,113.12,41.0,98.26
2513208,Santa Cruz,2053,0.75988,102.26,41.0,100.64
2201804,Bocaina,1577,0.82474,105.41,41.0,94.56
4102703,Barra do Jacaré,1045,0.91913,102.94,41.0,101.43
4112207,Janiópolis,2314,0.8724,100.82,41.0,98.85
4116000,Miraselva,751,0.92088,103.72,41.0,100.41
4111001,Itambaracá,2184,0.87892,92.11,41.0,96.93
4119004,Pérola d'Oeste,2399,0.93338,97.63,41.0,100.16
4110300,Inajá,996,0.88424,82.5,41.0,90.82
4120507,Primeiro de Maio,3806,0.93038,109.37,41.0,97.53
4125555,São Manoel do Paraná,808,0.89506,95.79,41.0,96.51
4122107,Rio Bom,1240,0.90469,101.32,41.0,101.45
4101853,Ariranha do Ivaí,894,0.85372,94.61,41.0,99.23
4123907,Santa Mariana,4216,0.90085,98.91,41.0,94.48
4106852,Cruzmaltina,1076,0.87032,83.52,41.0,104.53
4102505,Barbosa Ferraz,4306,0.8721,96.07,41.0,98.73
4101655,Arapuã,1337,0.87775,91.87,41.0,94.22
4126405,Sertaneja,2191,0.93137,105.3,41.0,98.45
4125001,São João do Ivaí,4213,0.88121,103.42,41.0,95.47
4107306,Doutor Camargo,2527,0.94418,103.36,41.0,96.06
4103305,Borrazópolis,3054,0.91853,99.07,41.0,98.89
4124202,Santo Antônio do Caiuá,980,0.88916,86.7,41.0,94.92
4113403,Leópolis,1414,0.92116,95.97,41.0,97.99
4100806,Alvorada do Sul,3888,0.92241,96.73,41.0,100.78
4116109,Moreira Sales,4495,0.87752,93.82,41.0,98.88
4120002,Porecatu,4344,0.92789,98.78,41.0,94.41
3303302,Niterói,194492,0.98231,118.15,41.0,84.53
3300902,Cambuci,5799,0.9064,106.14,41.0,98.83
3304607,Santa Maria Madalena,3989,0.89665,97.06,41.0,100.55
3302106,Itaocara,9046,0.92259,107.49,41.0,93.43
3302809,Mendes,6917,0.96655,94.97,41.0,89.03
3302908,Miguel Pereira,10250,0.9593,110.46,41.0,88.97
3302056,Italva,5598,0.91111,106.06,41.0,94.19
2405702,Jardim do Seridó,4467,0.83926,121.6,41.0,93.09
4313011,Nova Candelária,1182,0.97899,113.24,41.0,103.25
4301958,Barra Funda,896,0.96644,103.4,41.0,95.0
4316733,Santa Cecília do Sul,617,0.95652,101.02,41.0,103.16
4304101,Campos Borges,1460,0.93493,111.15,41.0,99.5
4312674,Nicolau Vergueiro,769,0.95867,103.88,41.0,102.94
4323408,Vila Maria,1657,0.96295,122.39,41.0,101.78
4305306,Chapada,3814,0.96736,115.04,41.0,95.25
4311759,Manoel Viana,2767,0.94167,96.18,41.0,99.38
4307203,Erval Grande,1956,0.91196,110.76,41.0,104.14
4312427,Mormaço,1058,0.93467,106.09,41.0,97.28
4302204,Boa Vista do Buricá,2735,0.98182,107.14,41.0,97.84
4302378,Bom Progresso,821,0.91686,99.18,41.0,94.61
4317707,Santo Antônio das Missões,4086,0.92909,106.68,41.0,100.08
4317756,Santo Antônio do Planalto,816,0.96572,102.45,41.0,93.78
4318804,São Lourenço do Sul,15248,0.96052,111.31,41.0,99.29
4310306,Ilópolis,1509,0.94634,130.87,41.0,102.58
4321329,Taquaruçu do Sul,1140,0.94872,101.83,41.0,101.62
4314068,Passa Sete,1525,0.91183,97.44,41.0,104.26
4322806,Veranópolis,9531,0.98369,110.7,41.0,94.71
4315354,Quinze de Novembro,1518,0.97579,108.96,41.0,93.37
4316600,Sananduva,6613,0.96715,120.87,41.0,95.55
4317905,Santo Cristo,5911,0.97547,107.74,41.0,98.68
4306205,Cruzeiro do Sul,4585,0.96981,112.19,41.0,99.93
4319208,São Nicolau,2047,0.89736,105.11,41.0,100.94
4319364,São Pedro das Missões,671,0.91632,96.28,41.0,99.43
4309126,Gramado dos Loureiros,723,0.86702,103.11,41.0,107.2
4309753,Ibarama,1417,0.93584,112.32,41.0,104.38
4312476,Morro Reuter,2301,0.98482,103.48,41.0,100.9
4308003,Faxinal do Soturno,2581,0.96639,125.29,41.0,96.65
4302808,Caçapava do Sul,13439,0.94265,107.42,41.0,94.29
4314464,Pinhal da Serra,885,0.93258,105.8,41.0,105.67
4312302,Miraguaí,1658,0.94189,92.59,41.0,99.15
4310652,Itati,1041,0.93667,90.85,41.0,105.61
4316428,Sagrada Família,973,0.93072,88.7,41.0,102.12
4302907,Cacequi,4271,0.93812,96.04,41.0,100.23
4323309,Vila Flores,1323,0.97455,112.22,41.0,97.83
4315503,Restinga Seca,5906,0.94777,114.05,41.0,97.11
4301073,Arroio do Padre,823,0.96649,126.32,41.0,103.52
4314209,Pedro Osório,3084,0.93595,104.92,41.0,90.97
4314076,Passo do Sobrado,2381,0.96042,98.8,41.0,95.93
4314423,Picada Café,2031,0.98563,93.0,41.0,96.01
4300109,Agudo,6132,0.95475,101.99,41.0,96.44
4310413,Inhacorá,782,0.90719,103.78,41.0,104.47
4320354,Sentinela do Sul,2109,0.93633,108.6,41.0,108.57
4305157,Cerro Grande,915,0.88713,99.52,41.0,100.08
4306932,Entre-Ijuís,3582,0.95705,107.31,41.0,96.9
4306072,Cristal do Sul,1057,0.91813,95.95,41.0,96.21
4320552,Sertão Santana,2345,0.95312,118.46,41.0,103.44
4313102,Nova Palma,2041,0.97667,138.17,41.0,98.65
4313490,Novo Barreiro,1647,0.92863,94.57,41.0,103.53
4204756,Cunhataí,703,0.96835,91.69,41.0,105.64
4216255,São João do Oeste,2347,0.99096,111.79,41.0,101.63
4204905,Descanso,3128,0.94971,110.21,41.0,101.65
4215554,Santa Helena,881,0.96238,100.99,41.0,105.16
4211892,Painel,841,0.91259,83.84,41.0,114.42
3520442,Ilha Solteira,9704,0.96627,98.53,41.0,93.63
3533106,Nova Guataporanga,867,0.89961,103.75,41.0,96.36
3540408,Populina,1614,0.91737,98.72,41.0,96.43
3540101,Pongaí,1363,0.95235,115.19,41.0,100.41
3531209,Monte Alegre do Sul,3244,0.95794,102.37,41.0,98.37
3532504,Neves Paulista,3718,0.95076,109.45,41.0,98.18
3514205,Dolcinópolis,887,0.9244,100.58,41.0,101.0
3501806,Américo de Campos,2361,0.95453,109.11,41.0,94.56
3537156,Pedrinhas Paulista,1063,0.95074,103.26,41.0,94.72
3505302,Barra Bonita,12894,0.96053,100.1,41.0,92.84
3548302,Santo Expedito,1194,0.93232,106.76,41.0,94.81
3500808,Alfredo Marcondes,1726,0.94636,101.72,41.0,98.88
3554656,Torre de Pedra,814,0.94968,103.56,41.0,100.98
3555901,Uru,539,0.94009,94.05,41.0,100.14
3516606,Gália,2441,0.93433,104.95,41.0,96.31
3516903,General Salgado,4019,0.93786,100.29,41.0,97.02
3555802,Urânia,3434,0.93051,105.54,41.0,96.25
3532306,Natividade da Serra,2838,0.89401,93.34,41.0,108.37
3536000,Parapuã,4102,0.9328,106.48,41.0,98.2
3555109,Tupi Paulista,5573,0.96434,125.29,41.0,103.13
3524808,Jales,19080,0.96272,98.81,41.0,93.55
3549201,São João das Duas Pontes,980,0.91628,93.06,41.0,97.25
3510906,Cássia dos Coqueiros,1076,0.92975,108.72,41.0,104.61
3500501,Águas de Lindóia,6799,0.96417,106.03,41.0,94.7
3503406,Arealva,3079,0.96191,108.7,41.0,99.36
3547700,Santo Anastácio,6888,0.95945,100.91,41.0,92.1
3552106,Socorro,15115,0.95489,107.33,41.0,96.42
3514502,Duartina,4790,0.95732,104.57,41.0,95.47
3533809,Óleo,973,0.94904,98.38,41.0,104.73
3554953,Tuiuti,2527,0.94632,108.16,41.0,99.06
3513900,Divinolândia,4189,0.95059,107.95,41.0,98.05
2900108,Abaíra,2722,0.81162,136.99,43.0,95.48
2312502,São João do Jaguaribe,2371,0.79656,127.5,43.0,91.97
5210604,Itaguaru,1979,0.88408,117.4,43.0,100.57
5219357,Santa Isabel,1397,0.87886,99.32,43.0,103.33
5200506,Aloândia,812,0.89048,125.83,43.0,99.7
5209457,Guarinos,883,0.85904,96.31,43.0,109.81
5212006,Jaupaci,1137,0.88223,101.28,43.0,99.86
5210158,Ipiranga de Goiás,1181,0.91697,97.47,43.0,105.85
5207600,Fazenda Nova,2429,0.90698,100.21,43.0,102.03
5211602,Ivolândia,1092,0.90416,92.17,43.0,101.57
5212600,Mairipotaba,1064,0.89935,104.94,43.0,104.06
3156106,Ritápolis,1984,0.9361,124.79,43.0,98.17
3144409,Natércia,1814,0.9288,126.74,43.0,105.93
3127909,Grupiara,563,0.93934,123.9,43.0,102.92
3139250,Mamonas,2352,0.77745,115.88,43.0,101.24
3121803,Dionísio,2590,0.90929,123.74,43.0,94.52
3150109,Piau,1088,0.93376,118.37,43.0,104.09
3108800,Braúnas,1604,0.89192,116.93,43.0,98.7
3108701,Brás Pires,1634,0.91472,112.42,43.0,98.05
3132800,Itambé do Mato Dentro,828,0.86326,116.33,43.0,94.2
3148806,Pedra do Anta,1265,0.86287,142.49,43.0,98.86
3147501,Passabém,610,0.82718,135.77,43.0,91.39
3158508,Santana de Pirapama,2770,0.87812,127.83,43.0,106.28
3103801,Arapuá,1045,0.93162,126.91,43.0,102.7
3166600,Serra da Saudade,337,0.91036,119.33,43.0,109.3
3141504,Mendes Pimentel,2240,0.83212,107.03,43.0,95.19
3105707,Barra Longa,2017,0.87456,127.21,43.0,97.35
3121704,Diogo de Vasconcelos,1396,0.83025,121.43,43.0,100.17
4121307,Rancho Alegre,1412,0.91284,123.63,43.0,92.86
4107801,Floraí,1933,0.93692,121.9,43.0,95.67
4300208,Ajuricaba,2592,0.96924,114.74,43.0,97.41
4316956,Santa Maria do Herval,2414,0.97952,114.56,43.0,104.98
4323705,Vista Gaúcha,1108,0.95964,101.32,43.0,100.5
4314605,Piratini,7513,0.92846,120.46,43.0,101.08
4313466,Novo Xingu,622,0.95477,124.11,43.0,99.76
4300703,Anta Gorda,2235,0.97047,144.31,43.0,100.24
4302220,Boa Vista do Cadeado,855,0.9612,122.67,43.0,105.25
4314027,Paraíso do Sul,2617,0.94129,129.61,43.0,99.24
4300570,Alto Feliz,1230,0.98436,112.44,43.0,103.85
4320677,Sinimbu,3206,0.94464,123.39,43.0,109.94
4306304,David Canabarro,1658,0.95701,121.98,43.0,100.98
4305504,Ciríaco,1680,0.9608,133.07,43.0,99.18
4313656,Palmares do Sul,5173,0.94856,115.83,43.0,96.75
4310553,Itacurubi,1170,0.93644,104.52,43.0,104.86
4320230,Sede Nova,1068,0.93129,106.47,43.0,103.0
4305871,Coronel Barros,1092,0.98025,124.89,43.0,97.76
4306007,Crissiumal,5267,0.96422,129.38,43.0,96.43
4308656,Garruchos,1056,0.90965,106.05,43.0,110.0
4301057,Arroio do Sal,4465,0.97761,111.89,43.0,94.7
4320321,Senador Salgado Filho,1044,0.9533,116.63,43.0,99.18
4315131,Pouso Novo,665,0.91814,141.03,43.0,106.53
4303301,Caibaté,1895,0.95911,117.69,43.0,101.46
4313391,Novo Cabrais,1458,0.94728,119.38,43.0,98.66
4320503,Sertão,2191,0.96931,132.19,43.0,95.66
4318606,São José do Ouro,2738,0.94846,124.19,43.0,94.59
4310363,Imigrante,1182,0.98144,144.09,43.0,96.81
4318465,São José do Herval,749,0.89774,110.06,43.0,107.64
4219606,Xavantina,1253,0.95249,122.3,43.0,107.32
4212601,Peritiba,1200,0.97296,119.29,43.0,98.94
4215208,Romelândia,1859,0.92718,119.13,43.0,102.82
4202099,Barra Bonita,611,0.92121,100.32,43.0,108.76
4202057,Balneário Barra do Sul,5797,0.96709,102.25,43.0,99.3
3501103,Alto Alegre,1518,0.94269,132.7,43.0,100.89
3543238,Ribeirão dos Índios,816,0.91671,129.05,43.0,91.58
3520426,Ilha Comprida,5258,0.95843,111.73,43.0,97.05
3532603,Nhandeara,4016,0.94403,128.93,43.0,92.61
3547650,Santa Salete,646,0.94949,118.92,43.0,101.1
3529104,Marinópolis,717,0.89707,108.95,43.0,100.43
3513850,Dirce Reis,642,0.90723,117.93,43.0,104.55
3526308,Lagoinha,2079,0.93867,114.96,43.0,102.91
3500402,Águas da Prata,2830,0.96849,131.01,43.0,92.25
3546207,Santa Cruz da Conceição,1631,0.96288,121.72,43.0,96.19
3528304,Magda,1257,0.94159,119.43,43.0,95.37
5202601,Aurilândia,1363,0.89099,132.1,45.0,101.35
5205703,Córrego do Ouro,1021,0.90979,124.59,45.0,101.64
3146404,Paineiras,1780,0.93226,136.96,45.0,99.06
3169059,Tocos do Moji,1470,0.91253,133.87,45.0,113.98
3108107,Bonfim,3054,0.92847,152.65,45.0,102.84
3153806,Queluzito,678,0.93298,127.82,45.0,104.86
4307831,Eugênio de Castro,1112,0.95576,142.53,45.0,100.53
4300851,Arambaré,1729,0.94569,134.34,45.0,97.31
4313086,Nova Pádua,810,0.97845,161.79,45.0,103.03
4321477,Tiradentes do Sul,2029,0.94013,134.76,45.0,102.97
4315172,Protásio Alves,752,0.95233,136.07,45.0,108.55
4305587,Colinas,948,0.983,153.85,45.0,100.75
4312054,Marques de Souza,1574,0.95618,160.81,45.0,99.75
4303707,Campina das Missões,2301,0.97882,150.3,45.0,97.71
4311643,Linha Nova,665,0.97687,169.48,45.0,100.84
4318051,São Domingos do Sul,1057,0.97437,157.49,45.0,99.71
4306957,Entre Rios do Sul,1087,0.93125,129.44,45.0,94.85
4311106,Jaguari,4309,0.96066,152.31,45.0,95.58
4318499,São José do Inhacorá,956,0.97236,155.23,45.0,100.5
4309704,Humaitá,1887,0.96951,137.31,45.0,96.19
4316436,Saldanha Marinho,1035,0.9647,134.26,45.0,91.88
4306452,Dois Lajeados,1161,0.96902,152.0,45.0,98.27
4319125,São Martinho da Serra,1147,0.92528,131.71,45.0,107.85
4304853,Carlos Gomes,513,0.97234,145.71,45.0,107.9
4317004,Santana da Boa Vista,3043,0.91635,133.21,45.0,101.84
4300505,Alpestre,2845,0.91429,124.07,45.0,103.34
4309506,Guarani das Missões,2802,0.956,134.73,45.0,95.44
4312955,Nova Boa Vista,796,0.98349,157.54,45.0,103.39
4322558,Vanini,788,0.95113,135.79,45.0,99.6
4309803,Ibiaçá,1770,0.96406,145.57,45.0,97.51
4322376,Unistalda,806,0.93824,124.76,45.0,105.25
4307450,Esperança do Sul,1276,0.9354,124.27,45.0,99.38
4308409,Formigueiro,2536,0.91813,137.67,45.0,100.28
4304309,Cândido Godói,2439,0.97135,130.58,45.0,101.41
4311791,Maratá,973,0.96665,133.43,45.0,103.46
4302584,Bozano,807,0.96313,140.72,45.0,96.8
4314134,Paulo Bento,793,0.96736,144.12,45.0,105.17
4308706,Gaurama,2197,0.96714,150.39,45.0,95.21
3549300,São João do Pau d'Alho,925,0.94155,139.65,45.0,98.41
3531001,Monções,799,0.94219,122.51,45.0,98.67
3515806,Flora Rica,610,0.91819,132.89,45.0,96.43
3532108,Murutinga do Sul,1480,0.94345,128.16,45.0,98.35
3555208,Turiúba,756,0.92539,130.0,45.0,102.9
3501202,Álvares Florence,1533,0.93509,142.83,45.0,102.64
4306734,Doutor Maurício Cardoso,1820,0.96254,153.83,47.0,97.96
4320578,Sete de Setembro,696,0.95721,158.51,47.0,101.1
4302253,Boa Vista do Sul,1052,0.95622,170.11,47.0,106.31
4322186,Tupanci do Sul,560,0.94053,126.4,47.0,104.46
4318424,São João da Urtiga,1739,0.93947,164.71,47.0,100.58
4322905,Viadutos,1896,0.95569,171.21,47.0,99.04
4312005,Mariano Moro,757,0.94227,165.59,47.0,99.36
4310702,Itatiba do Sul,1285,0.95224,142.37,47.0,105.91
4313607,Paim Filho,1414,0.95769,171.43,47.0,100.5
4322855,Vespasiano Correa,642,0.95949,191.18,47.0,106.59
4316204,Rondinha,1755,0.96056,152.69,47.0,95.8
4314787,Ponte Preta,585,0.95979,154.31,47.0,102.7
4312351,Montauri,535,0.93912,180.54,47.0,100.4
4321493,Toropi,1058,0.95884,165.6,47.0,102.22
4323754,Vitória das Missões,1312,0.93283,147.27,47.0,101.73
4315958,Rolador,913,0.9367,160.42,47.0,107.33
4200754,Alto Bela Vista,725,0.97843,143.57,47.0,102.4
3500600,Águas de São Pedro,1153,0.98757,189.07,47.0,86.45
3547205,Santana da Ponte Pensa,667,0.92452,163.72,47.0,99.28
3515905,Floreal,1124,0.93703,178.35,47.0,94.52
4321626,Travesseiro,830,0.97194,201.14,49.0,101.31
4300307,Alecrim,2553,0.94272,169.57,49.0,102.21
4310462,Ipiranga do Sul,675,0.95938,163.37,49.0,104.03
4315057,Porto Mauá,843,0.94894,164.12,49.0,95.97
4306130,Cruzaltense,616,0.93967,150.0,49.0,103.36
4301925,Barra do Rio Azul,620,0.95632,199.52,49.0,102.15
4312385,Monte Belo do Sul,917,0.98618,214.65,49.0,98.06
4314555,Pirapó,917,0.90127,159.32,49.0,104.71
4315008,Porto Lucena,1824,0.92976,193.02,51.0,100.46
4305934,Coronel Pilar,565,0.96997,230.29,51.0,106.56
4321634,Três Arroios,1028,0.97082,245.98,51.0,99.92
3555307,Turmalina,713,0.94673,205.38,51.0,94.52
4322350,União da Serra,436,0.96815,243.28,53.0,113.89
4305835,Coqueiro Baixo,502,0.9513,277.14,53.0,104.11